Site,Date,Position,SampleID,Clearspace,BiofilmRecruit,Greenalgae,BrownRedalgae,Ciona spp,Ascidiella aspersa,Asterocarpa humilis,Dendrodoa grossularia,Styela clava,Clavelina lepadiformis,Botrylloides violaceus,Botryllus schlosseri,Spirorbis spp,Erect bryozoan spp,Bugula neritina,Tricellaria inopinata,Bugulina flabellata,UnID Encrusting spp,Watersipora subatra,Mytilus edulis,Barnacle,sponge1,sponge2,Date.number,Season
Mb,2017-06-11,1,mb1b2,20,60,0,20,0,0,0,0,0,0,0,0,0,0,0,0,0,0,0,0,0,0,0,42897,Spring
Mb,2017-06-26,1,mb1b2,20,40,20,18,0,0,0,0,0,0,0,2,0,0,0,0,0,0,0,0,0,0,0,42912,Summer
Mb,2017-07-30,1,mb1b2,5,10,40,10,5,2,0,0,0,0,0,10,3,10,0,2,0,5,0,0,0,0,0,42946,Summer
Mb,2017-08-21,1,mb1b2,20,0,15,0,35,5,0,0,0,0,0,10,0,5,5,10,0,0,0,0,0,0,0,42968,Summer
Mb,2017-10-11,1,mb1b2,28,10,2,0,10,20,0,0,0,2,0,0,3,20,0,0,0,5,0,0,0,0,0,43019,Autumn
Mb,2017-11-17,1,mb1b2,40,8,2,2,0,35,0,0,0,0,0,0,5,5,0,0,0,3,0,0,0,0,0,43056,Autumn
Mb,2017-12-21,1,mb1b2,40,8,2,5,10,35,0,0,0,0,0,0,3,4,0,0,0,3,0,0,0,0,0,43090,Winter
Mb,2018-02-02,1,mb1b2,5,15,0,20,15,40,0,0,0,0,0,0,0,5,0,0,0,0,0,0,0,0,0,43133,Winter
Mb,2018-04-01,1,mb1b2,0,0,0,40,30,30,0,0,0,0,0,0,0,15,0,0,0,10,0,0,0,0,3,43191,Spring
Mb,2018-06-01,1,mb1b2,50,5,0,4,0,10,0,20,10,1,0,0,0,0,0,0,0,0,0,0,0,0,5,43252,Spring
Mb,2018-07-05,1,mb1b2,5,0,5,15,10,10,0,10,0,40,0,0,0,0,5,15,0,10,0,0,0,0,2,43286,Summer
Mb,2018-08-08,1,mb1b2,15,5,15,10,30,15,0,5,0,18,0,0,0,0,0,10,0,0,0,0,0,0,0,43320,Summer
Mb,2018-10-01,1,mb1b2,40,5,0,5,0,8,0,15,0,12,0,0,0,10,0,0,0,5,15,0,0,0,0,43374,Autumn
Mb,2018-11-01,1,mb1b2,20,10,0,2,0,3,0,20,0,8,0,0,4,5,0,0,0,5,25,0,0,6,3,43405,Autumn
Mb,2018-12-06,1,mb1b2,15,15,0,0,0,8,0,25,0,2,0,0,5,2,0,0,0,0,35,0,0,6,3,43440,Winter
Mb,2019-01-04,1,mb1b2,25,5,0,2,0,8,0,28,0,2,0,0,3,2,0,0,0,0,28,0,0,8,4,43469,Winter
Mb,2019-04-25,1,mb1b2,0,0,0,10,15,20,0,10,0,30,0,0,0,2,5,5,0,0,0,0,0,8,10,43580,Spring
Mb,2017-06-11,1,mb1b3,20,80,0,0,0,0,0,0,0,0,0,0,0,0,0,0,0,0,0,0,0,0,0,42897,Spring
Mb,2017-06-26,1,mb1b3,10,36,20,30,0,0,0,0,0,0,0,2,2,0,0,0,0,0,0,0,0,0,0,42912,Summer
Mb,2017-07-30,1,mb1b3,5,10,20,20,10,10,0,0,0,6,0,8,2,0,4,5,0,0,0,0,0,0,0,42946,Summer
Mb,2017-08-21,1,mb1b3,5,0,30,5,25,15,0,0,0,3,0,5,0,0,10,2,0,0,0,0,0,0,0,42968,Summer
Mb,2017-10-11,1,mb1b3,50,10,5,2,5,8,0,4,0,2,0,0,1,0,1,1,0,0,10,0,0,0,1,43019,Autumn
Mb,2017-11-17,1,mb1b3,30,40,0,0,0,8,0,0,0,0,0,0,5,0,1,1,0,0,10,0,0,0,5,43056,Autumn
Mb,2017-12-21,1,mb1b3,20,50,0,0,0,8,0,0,0,0,0,0,5,0,1,1,0,0,10,0,0,0,5,43090,Winter
Mb,2018-02-02,1,mb1b3,4,55,0,15,8,8,0,0,0,0,0,0,5,0,0,0,0,0,0,0,0,0,5,43133,Winter
Mb,2018-04-01,1,mb1b3,0,0,0,30,20,20,0,0,0,0,0,0,0,0,10,10,0,0,0,0,0,0,10,43191,Spring
Mb,2018-06-01,1,mb1b3,40,5,0,5,3,30,0,5,0,5,0,0,0,2,0,0,0,0,0,0,0,0,5,43252,Spring
Mb,2018-07-05,1,mb1b3,0,0,2,8,20,30,0,8,0,15,0,0,0,0,10,12,0,0,0,0,0,0,7,43286,Summer
Mb,2018-08-08,1,mb1b3,25,8,10,15,8,12,0,12,0,2,0,0,0,0,3,5,0,0,0,0,0,0,0,43320,Summer
Mb,2018-10-01,1,mb1b3,45,10,0,0,0,15,0,15,0,5,0,0,3,2,0,0,0,0,5,0,0,0,0,43374,Autumn
Mb,2018-11-01,1,mb1b3,25,13,0,0,5,18,0,15,0,5,0,3,3,2,0,0,0,0,7,0,0,5,4,43405,Autumn
Mb,2018-12-06,1,mb1b3,20,20,0,0,8,10,0,18,0,0,0,3,1,1,0,0,0,5,10,0,0,0,4,43440,Winter
Mb,2019-01-04,1,mb1b3,20,10,0,0,8,8,0,20,0,0,0,5,3,0,0,0,0,8,12,0,0,0,6,43469,Winter
Mb,2019-04-25,1,mb1b3,10,8,0,2,2,12,0,8,0,26,0,0,0,5,0,0,0,0,7,0,0,8,12,43580,Spring
Mb,2017-06-11,1,mb1f2,5,15,50,30,0,0,0,0,0,0,0,0,0,0,0,0,0,0,0,0,0,0,0,42897,Spring
Mb,2017-06-26,1,mb1f2,5,25,35,35,0,0,0,0,0,0,0,0,0,0,0,0,0,0,0,0,0,0,0,42912,Summer
Mb,2017-07-30,1,mb1f2,5,10,40,5,25,9,0,0,0,5,0,1,0,0,0,0,0,0,0,0,0,0,0,42946,Summer
Mb,2017-08-21,1,mb1f2,2,0,40,0,45,8,0,0,0,0,0,0,0,5,0,0,0,0,0,0,0,0,0,42968,Summer
Mb,2017-10-11,1,mb1f2,15,20,8,0,15,8,0,0,0,10,0,0,4,10,0,0,0,0,10,0,0,0,0,43019,Autumn
Mb,2017-11-17,1,mb1f2,40,30,2,5,0,15,0,0,0,0,0,0,8,0,0,0,0,0,0,0,0,0,0,43056,Autumn
Mb,2017-12-21,1,mb1f2,40,30,0,5,2,15,0,0,0,0,0,0,8,0,0,0,0,0,0,0,0,0,2,43090,Winter
Mb,2018-02-02,1,mb1f2,30,30,0,10,7,15,0,0,0,0,0,0,8,0,0,0,0,0,0,0,0,0,0,43133,Winter
Mb,2018-04-01,1,mb1f2,20,15,0,20,15,10,0,0,0,10,0,0,5,0,0,0,0,0,0,0,0,0,5,43191,Spring
Mb,2018-06-01,1,mb1f2,20,2,0,5,2,20,0,15,0,12,0,0,5,5,0,0,0,5,0,0,0,0,9,43252,Spring
Mb,2018-07-05,1,mb1f2,2,0,0,0,15,15,0,20,0,25,0,0,0,5,12,15,0,0,0,0,0,0,12,43286,Summer
Mb,2018-08-08,1,mb1f2,10,4,4,0,10,12,0,10,0,6,0,0,3,5,25,8,0,3,0,0,0,0,0,43320,Summer
Mb,2018-10-01,1,mb1f2,40,10,0,0,2,3,0,20,0,0,0,0,8,8,0,0,0,0,8,0,0,0,3,43374,Autumn
Mb,2018-11-01,1,mb1f2,23,8,0,6,1,3,0,20,0,5,0,0,8,5,0,0,0,5,15,0,0,8,7,43405,Autumn
Mb,2018-12-06,1,mb1f2,10,10,0,6,8,3,0,25,0,0,0,0,10,5,0,0,0,5,18,0,0,10,7,43440,Winter
Mb,2019-01-04,1,mb1f2,10,2,0,2,6,3,0,30,0,0,0,0,10,0,0,0,0,5,18,0,0,14,8,43469,Winter
Mb,2019-04-25,1,mb1f2,2,5,0,20,5,5,0,15,0,3,0,0,0,0,0,0,0,10,0,0,0,25,10,43580,Spring
Mb,2017-06-11,1,mb1f3,20,20,40,20,0,0,0,0,0,0,0,0,0,0,0,0,0,0,0,0,0,0,0,42897,Spring
Mb,2017-06-26,1,mb1f3,15,15,25,45,0,0,0,0,0,0,0,0,0,0,0,0,0,0,0,0,0,0,0,42912,Summer
Mb,2017-07-30,1,mb1f3,5,5,2,3,70,10,0,0,0,3,0,0,0,2,0,0,0,0,0,0,0,0,0,42946,Summer
Mb,2017-08-21,1,mb1f3,0,0,20,0,85,5,0,0,0,0,0,0,0,8,0,0,0,0,0,0,0,0,0,42968,Summer
Mb,2017-10-11,1,mb1f3,37,10,5,2,5,15,0,0,0,8,0,0,2,5,0,0,0,0,6,0,0,0,5,43019,Autumn
Mb,2017-11-17,1,mb1f3,33,20,2,5,0,18,0,0,0,1,0,0,5,5,0,0,0,0,7,0,0,0,4,43056,Autumn
Mb,2017-12-21,1,mb1f3,25,20,6,0,8,20,0,0,0,0,0,0,5,3,0,0,0,0,8,0,0,0,5,43090,Winter
Mb,2018-02-02,1,mb1f3,15,20,0,2,15,25,0,0,0,0,0,0,6,4,0,0,0,0,8,0,0,0,5,43133,Winter
Mb,2018-04-01,1,mb1f3,0,5,0,10,30,40,0,0,0,0,0,0,2,5,0,0,0,0,0,0,0,0,8,43191,Spring
Mb,2018-06-01,1,mb1f3,25,5,0,3,0,40,0,10,0,0,0,0,5,3,0,0,0,0,0,0,0,0,9,43252,Spring
Mb,2018-07-05,1,mb1f3,0,5,0,2,12,40,0,8,0,12,0,0,0,0,7,10,0,0,0,0,0,0,4,43286,Summer
Mb,2018-08-08,1,mb1f3,10,3,0,0,20,25,0,10,0,5,0,3,3,5,5,5,0,0,3,0,0,0,3,43320,Summer
Mb,2018-10-01,1,mb1f3,30,8,0,5,0,4,0,25,2,0,0,0,8,5,0,0,0,4,10,0,0,5,0,43374,Autumn
Mb,2018-11-01,1,mb1f3,10,8,0,2,4,0,0,20,4,2,0,0,5,4,0,0,0,10,15,0,0,10,10,43405,Autumn
Mb,2018-12-06,1,mb1f3,8,3,2,2,8,8,0,20,8,0,0,0,5,4,0,0,0,8,15,0,0,10,10,43440,Winter
Mb,2019-01-04,1,mb1f3,5,0,0,3,8,10,0,15,8,0,0,0,6,4,0,0,0,6,12,0,0,15,10,43469,Winter
Mb,2019-04-25,1,mb1f3,0,0,0,5,20,12,0,3,10,12,0,0,2,0,5,5,0,0,0,0,0,12,20,43580,Spring
Mb,2017-06-11,2,mb2b2,15,20,30,35,0,0,0,0,0,0,0,0,0,0,0,0,0,0,0,0,0,0,0,42897,Spring
Mb,2017-06-26,2,mb2b2,5,5,60,30,0,0,0,0,0,0,0,0,0,0,0,0,0,0,0,0,0,0,0,42912,Summer
Mb,2017-07-30,2,mb2b2,5,5,80,8,0,2,0,0,0,0,0,0,0,0,0,0,0,0,0,0,0,0,0,42946,Summer
Mb,2017-08-21,2,mb2b2,10,10,60,10,5,0,0,0,0,0,0,0,0,5,0,0,0,0,0,0,0,0,0,42968,Summer
Mb,2017-10-11,2,mb2b2,50,6,5,5,3,9,0,0,0,5,0,0,3,3,0,0,0,3,8,0,0,0,0,43019,Autumn
Mb,2017-11-17,2,mb2b2,40,10,2,1,0,15,0,3,0,5,0,0,5,1,0,0,0,3,10,0,0,0,5,43056,Autumn
Mb,2017-12-21,2,mb2b2,30,15,1,4,3,12,0,3,0,0,0,0,8,1,0,0,0,10,10,0,0,0,3,43090,Winter
Mb,2018-02-02,2,mb2b2,25,15,3,8,8,15,0,0,0,0,0,0,10,2,0,0,0,6,5,0,0,0,3,43133,Winter
Mb,2018-04-01,2,mb2b2,0,5,0,20,20,40,0,0,0,0,0,0,3,5,0,0,0,5,0,0,0,0,2,43191,Spring
Mb,2018-06-01,2,mb2b2,25,5,2,15,10,20,0,8,0,2,0,0,2,5,0,0,0,2,0,0,0,0,4,43252,Spring
Mb,2018-07-05,2,mb2b2,10,8,3,3,8,25,0,3,0,12,0,0,5,0,12,5,0,0,0,0,0,0,6,43286,Summer
Mb,2018-08-08,2,mb2b2,15,5,10,1,5,12,0,5,0,5,0,0,5,0,18,8,0,3,0,0,0,3,5,43320,Summer
Mb,2018-10-01,2,mb2b2,20,18,2,0,5,10,0,5,0,0,0,0,10,3,0,0,0,2,15,0,0,10,0,43374,Autumn
Mb,2018-11-01,2,mb2b2,12,5,0,0,2,12,0,6,0,3,0,0,10,3,0,0,0,2,25,0,0,20,0,43405,Autumn
Mb,2018-12-06,2,mb2b2,8,3,2,2,2,15,0,7,0,0,0,0,8,5,0,0,0,3,20,0,0,25,0,43440,Winter
Mb,2019-01-04,2,mb2b2,5,3,0,0,3,10,0,6,0,0,0,0,9,6,0,0,0,0,28,0,0,30,0,43469,Winter
Mb,2019-04-25,2,mb2b2,2,1,0,20,5,14,0,3,0,7,0,0,4,0,4,0,0,0,5,0,0,35,6,43580,Spring
Mb,2017-06-11,2,mb2b3,15,20,30,35,0,0,0,0,0,0,0,0,0,0,0,0,0,0,0,0,0,0,0,42897,Spring
Mb,2017-06-26,2,mb2b3,5,5,60,30,0,0,0,0,0,0,0,0,0,0,0,0,0,0,0,0,0,0,0,42912,Summer
Mb,2017-07-30,2,mb2b3,5,3,80,10,2,0,0,0,0,0,0,0,0,0,0,0,0,0,0,0,0,0,0,42946,Summer
Mb,2017-08-21,2,mb2b3,15,10,40,3,10,8,0,0,0,4,0,0,0,5,0,0,0,0,5,0,0,0,0,42968,Summer
Mb,2017-10-11,2,mb2b3,40,10,8,1,8,12,0,0,0,1,0,0,2,9,0,0,0,0,5,0,0,0,4,43019,Autumn
Mb,2017-11-17,2,mb2b3,40,10,2,3,5,15,0,3,0,0,0,0,5,5,0,0,0,0,8,0,0,0,4,43056,Autumn
Mb,2017-12-21,2,mb2b3,40,8,0,0,5,15,0,5,0,0,0,0,3,3,0,0,0,5,10,0,0,0,6,43090,Winter
Mb,2018-02-02,2,mb2b3,30,20,0,0,10,12,0,5,0,0,0,0,3,0,0,0,0,3,10,0,0,0,7,43133,Winter
Mb,2018-04-01,2,mb2b3,0,0,0,15,25,40,0,1,0,0,0,0,0,10,0,0,0,0,0,0,0,0,12,43191,Spring
Mb,2018-06-01,2,mb2b3,30,8,3,2,8,25,0,7,0,2,0,0,3,2,0,0,0,0,0,0,0,0,15,43252,Spring
Mb,2018-07-05,2,mb2b3,3,5,3,2,12,30,0,5,0,10,0,0,2,0,10,6,0,0,0,0,0,0,12,43286,Summer
Mb,2018-08-08,2,mb2b3,8,4,10,3,20,25,0,4,0,3,0,0,2,2,15,0,0,2,0,0,0,0,2,43320,Summer
Mb,2018-10-01,2,mb2b3,30,10,0,5,5,28,0,5,0,3,0,0,2,2,0,0,0,0,6,0,0,10,0,43374,Autumn
Mb,2018-11-01,2,mb2b3,20,10,0,2,8,20,0,3,0,3,0,0,4,5,0,0,0,0,10,0,0,20,0,43405,Autumn
Mb,2018-12-06,2,mb2b3,20,10,0,1,11,10,0,5,0,1,0,0,2,3,0,0,0,5,15,0,0,25,0,43440,Winter
Mb,2019-01-04,2,mb2b3,15,10,0,1,10,8,0,8,0,0,0,0,3,2,0,0,0,3,18,0,0,25,5,43469,Winter
Mb,2019-04-25,2,mb2b3,10,3,0,12,10,10,0,3,0,8,0,0,2,2,0,0,0,5,5,0,0,30,12,43580,Spring
Mb,2017-06-11,2,mb2f2,15,10,25,50,0,0,0,0,0,0,0,0,0,0,0,0,0,0,0,0,0,0,0,42897,Spring
Mb,2017-06-26,2,mb2f2,10,10,50,30,0,0,0,0,0,0,0,0,0,0,0,0,0,0,0,0,0,0,0,42912,Summer
Mb,2017-07-30,2,mb2f2,15,15,5,2,55,5,0,0,0,0,0,0,0,0,0,0,0,0,3,0,0,0,0,42946,Summer
Mb,2017-08-21,2,mb2f2,10,10,9,0,40,10,0,0,0,6,0,3,1,10,0,0,0,0,1,0,0,0,0,42968,Summer
Mb,2017-10-11,2,mb2f2,15,19,2,1,6,10,0,3,0,10,0,0,3,8,0,0,0,8,10,0,0,0,5,43019,Autumn
Mb,2017-11-17,2,mb2f2,10,18,3,3,3,15,0,4,0,3,0,0,5,3,0,0,0,10,15,0,0,0,8,43056,Autumn
Mb,2017-12-21,2,mb2f2,10,17,5,6,0,16,0,5,0,0,0,0,5,3,0,0,0,10,15,0,0,0,8,43090,Winter
Mb,2018-02-02,2,mb2f2,10,15,2,10,5,15,0,5,0,0,0,0,8,3,0,0,0,5,12,0,0,0,10,43133,Winter
Mb,2018-04-01,2,mb2f2,3,2,0,30,25,20,0,3,0,0,0,0,3,0,0,0,0,2,0,0,0,0,12,43191,Spring
Mb,2018-06-01,2,mb2f2,30,10,3,8,5,18,0,10,0,3,0,0,1,2,0,0,0,0,0,0,0,0,10,43252,Spring
Mb,2018-07-05,2,mb2f2,15,6,0,3,5,22,0,5,4,10,0,0,2,0,4,10,0,0,8,0,0,0,10,43286,Summer
Mb,2018-08-08,2,mb2f2,10,4,1,5,10,25,0,8,8,3,0,0,3,0,6,8,0,2,5,0,0,0,10,43320,Summer
Mb,2018-10-01,2,mb2f2,30,10,0,7,0,10,0,4,12,0,0,0,2,2,10,4,0,4,8,0,0,7,0,43374,Autumn
Mb,2018-11-01,2,mb2f2,20,8,0,10,8,8,0,5,12,2,0,0,3,6,0,0,0,4,12,0,0,12,4,43405,Autumn
Mb,2018-12-06,2,mb2f2,10,10,0,3,12,12,0,8,12,0,0,0,3,2,0,4,0,4,15,0,0,14,5,43440,Winter
Mb,2019-01-04,2,mb2f2,15,6,0,5,13,8,0,4,12,0,0,0,5,0,0,5,0,5,16,0,0,20,2,43469,Winter
Mb,2019-04-25,2,mb2f2,0,5,0,20,8,10,0,2,12,5,0,5,3,5,0,0,0,8,4,0,0,15,15,43580,Spring
Mb,2017-06-11,2,mb2f3,5,15,35,45,0,0,0,0,0,0,0,0,0,0,0,0,0,0,0,0,0,0,0,42897,Spring
Mb,2017-06-26,2,mb2f3,10,10,30,50,0,0,0,0,0,0,0,0,0,0,0,0,0,0,0,0,0,0,0,42912,Summer
Mb,2017-07-30,2,mb2f3,10,10,3,2,65,10,0,0,0,0,0,0,0,0,0,0,0,0,0,0,0,0,0,42946,Summer
Mb,2017-08-21,2,mb2f3,10,8,8,3,50,12,0,0,0,2,0,0,1,6,0,0,0,0,0,0,0,0,0,42968,Summer
Mb,2017-10-11,2,mb2f3,35,10,3,3,4,12,0,0,0,5,0,0,3,10,0,0,0,5,5,0,0,0,5,43019,Autumn
Mb,2017-11-17,2,mb2f3,40,10,2,4,0,15,0,1,0,3,0,0,3,7,0,0,0,5,5,0,0,0,5,43056,Autumn
Mb,2017-12-21,2,mb2f3,40,10,0,8,3,18,0,3,0,0,0,0,3,3,0,0,0,5,4,0,0,0,3,43090,Winter
Mb,2018-02-02,2,mb2f3,30,8,0,10,10,20,0,5,0,3,0,0,5,0,0,0,0,4,5,0,0,0,0,43133,Winter
Mb,2018-04-01,2,mb2f3,0,5,0,15,35,45,0,1,0,0,0,0,0,0,0,0,0,0,0,0,0,0,10,43191,Spring
Mb,2018-06-01,2,mb2f3,20,3,3,8,8,30,0,5,0,12,0,0,0,3,0,0,0,0,0,0,0,0,8,43252,Spring
Mb,2018-07-05,2,mb2f3,5,7,0,2,12,30,0,2,0,22,0,0,2,0,0,8,0,0,0,0,0,0,10,43286,Summer
Mb,2018-08-08,2,mb2f3,20,2,0,20,8,20,0,10,0,8,0,0,2,5,0,0,0,0,0,0,0,0,5,43320,Summer
Mb,2018-10-01,2,mb2f3,35,7,0,8,1,8,0,5,0,2,0,0,2,10,0,0,0,5,10,0,0,10,0,43374,Autumn
Mb,2018-11-01,2,mb2f3,25,13,0,3,6,5,0,5,0,3,0,0,3,10,0,0,0,5,12,0,0,12,0,43405,Autumn
Mb,2018-12-06,2,mb2f3,10,10,0,4,12,3,0,8,0,4,0,0,4,10,0,0,0,8,14,0,0,12,4,43440,Winter
Mb,2019-01-04,2,mb2f3,8,5,0,2,17,4,0,8,0,1,0,3,6,5,0,0,0,4,20,0,0,15,6,43469,Winter
Mb,2019-04-25,2,mb2f3,5,5,0,4,10,15,0,3,0,7,0,5,5,5,0,0,0,8,6,0,0,25,12,43580,Spring
Mb,2017-06-11,3,mb3b2,20,35,25,20,0,0,0,0,0,0,0,0,0,0,0,0,0,0,0,0,0,0,0,42897,Spring
Mb,2017-06-26,3,mb3b2,5,5,70,20,0,0,0,0,0,0,0,0,0,0,0,0,0,0,0,0,0,0,0,42912,Summer
Mb,2017-07-30,3,mb3b2,5,5,70,10,2,0,0,0,0,1,0,3,0,4,0,0,0,0,0,0,0,0,0,42946,Summer
Mb,2017-08-21,3,mb3b2,10,5,60,11,5,5,0,0,0,0,0,0,0,4,0,0,0,0,0,0,0,0,0,42968,Summer
Mb,2017-10-11,3,mb3b2,55,5,12,5,8,5,0,0,0,0,0,0,1,3,0,0,0,0,5,0,0,0,1,43019,Autumn
Mb,2017-11-17,3,mb3b2,65,5,6,4,5,5,0,0,0,0,0,0,1,3,0,0,0,0,6,0,0,0,0,43056,Autumn
Mb,2017-12-21,3,mb3b2,40,20,5,3,8,10,0,3,0,0,0,0,2,0,0,0,0,2,7,0,0,0,0,43090,Winter
Mb,2018-02-02,3,mb3b2,20,30,4,6,15,10,0,3,0,0,0,0,5,0,0,0,0,2,5,0,0,0,0,43133,Winter
Mb,2018-04-01,3,mb3b2,0,5,0,20,50,30,0,0,0,0,0,0,0,10,0,0,0,0,0,0,0,0,0,43191,Spring
Mb,2018-06-01,3,mb3b2,10,5,0,5,45,25,0,3,0,0,0,0,1,4,0,0,0,0,0,0,0,0,2,43252,Spring
Mb,2018-07-05,3,mb3b2,20,10,2,3,3,15,0,10,0,6,0,0,2,8,0,5,0,3,7,0,0,0,6,43286,Summer
Mb,2018-08-08,3,mb3b2,5,0,0,6,20,30,0,8,0,3,0,0,1,3,0,12,0,2,6,0,0,0,4,43320,Summer
Mb,2018-10-01,3,mb3b2,12,10,0,4,0,20,0,13,0,1,0,0,8,0,0,4,0,4,20,0,0,5,0,43374,Autumn
Mb,2018-11-01,3,mb3b2,10,5,2,0,0,18,0,14,0,2,0,0,6,0,0,6,0,7,25,0,0,8,3,43405,Autumn
Mb,2018-12-06,3,mb3b2,15,8,0,0,0,12,0,10,0,0,0,0,10,0,0,0,0,5,30,0,0,10,3,43440,Winter
Mb,2019-01-04,3,mb3b2,15,5,0,0,0,12,0,8,0,0,0,0,12,0,0,0,0,0,35,0,0,20,3,43469,Winter
Mb,2019-04-25,3,mb3b2,5,5,0,10,7,16,0,2,0,15,0,0,12,0,0,0,0,5,10,0,0,15,20,43580,Spring
Mb,2017-06-11,3,mb3b3,30,30,20,20,0,0,0,0,0,0,0,0,0,0,0,0,0,0,0,0,0,0,0,42897,Spring
Mb,2017-06-26,3,mb3b3,10,10,60,20,0,0,0,0,0,0,0,0,0,0,0,0,0,0,0,0,0,0,0,42912,Summer
Mb,2017-07-30,3,mb3b3,8,5,50,20,10,2,0,0,0,0,0,2,0,0,0,0,0,3,0,0,0,0,0,42946,Summer
Mb,2017-08-21,3,mb3b3,2,5,50,10,20,5,0,0,0,2,0,0,0,3,0,0,0,3,0,0,0,0,0,42968,Summer
Mb,2017-10-11,3,mb3b3,40,5,12,5,10,10,0,0,0,4,0,0,0,4,0,3,0,3,4,0,0,0,0,43019,Autumn
Mb,2017-11-17,3,mb3b3,45,15,3,2,12,8,0,0,0,5,0,0,2,0,0,0,0,0,6,0,0,0,2,43056,Autumn
Mb,2017-12-21,3,mb3b3,45,15,1,4,15,8,0,0,0,0,0,0,2,0,0,0,0,2,6,0,0,0,2,43090,Winter
Mb,2018-02-02,3,mb3b3,40,8,3,10,20,8,0,0,0,2,0,0,0,1,0,0,0,2,6,0,0,0,0,43133,Winter
Mb,2018-04-01,3,mb3b3,5,0,0,15,60,12,0,5,0,0,0,0,0,0,0,0,0,0,0,0,0,0,3,43191,Spring
Mb,2018-06-01,3,mb3b3,8,0,0,8,65,18,0,2,0,0,0,0,0,0,0,0,0,0,0,0,0,0,6,43252,Spring
Mb,2018-07-05,3,mb3b3,30,10,2,8,10,5,0,8,0,8,0,0,3,0,5,5,0,4,2,0,0,5,8,43286,Summer
Mb,2018-08-08,3,mb3b3,15,4,0,10,20,10,0,12,0,10,0,0,1,2,0,10,0,0,0,0,0,0,6,43320,Summer
Mb,2018-10-01,3,mb3b3,40,20,0,2,0,3,0,10,0,0,0,0,4,2,0,5,0,3,10,0,0,4,0,43374,Autumn
Mb,2018-11-01,3,mb3b3,30,10,0,2,0,3,0,14,0,2,0,0,5,2,0,6,0,4,12,0,0,10,3,43405,Autumn
Mb,2018-12-06,3,mb3b3,25,5,3,2,0,3,0,16,0,2,0,0,5,2,0,6,0,4,15,0,0,8,6,43440,Winter
Mb,2019-01-04,3,mb3b3,25,8,0,0,0,3,0,18,0,0,0,6,6,0,0,4,0,0,18,0,0,12,6,43469,Winter
Mb,2019-04-25,3,mb3b3,5,15,0,5,15,3,0,2,0,15,0,0,2,0,0,0,0,8,0,0,0,12,20,43580,Spring
Mb,2017-06-11,3,mb3f2,10,10,30,50,0,0,0,0,0,0,0,0,0,0,0,0,0,0,0,0,0,0,0,42897,Spring
Mb,2017-06-26,3,mb3f2,40,20,10,30,0,0,0,0,0,0,0,0,0,0,0,0,0,0,0,0,0,0,0,42912,Summer
Mb,2017-07-30,3,mb3f2,10,5,50,15,10,5,0,0,0,0,0,0,0,5,0,0,0,0,0,0,0,0,0,42946,Summer
Mb,2017-08-21,3,mb3f2,8,6,40,20,12,5,0,0,0,1,0,0,0,0,5,3,0,0,0,0,0,0,0,42968,Summer
Mb,2017-10-11,3,mb3f2,30,10,10,5,10,8,0,0,0,5,0,0,5,5,0,0,0,4,6,0,0,0,2,43019,Autumn
Mb,2017-11-17,3,mb3f2,45,8,3,5,3,16,0,0,0,0,0,0,10,0,0,0,0,0,10,0,0,0,0,43056,Autumn
Mb,2017-12-21,3,mb3f2,45,12,0,2,5,17,0,0,0,0,0,0,10,0,0,0,0,0,9,0,0,0,0,43090,Winter
Mb,2018-02-02,3,mb3f2,40,10,0,3,10,18,0,0,0,0,0,0,10,0,0,0,0,0,5,0,0,0,4,43133,Winter
Mb,2018-04-01,3,mb3f2,0,0,3,20,45,20,0,0,0,0,0,0,0,0,0,0,0,0,0,0,0,0,12,43191,Spring
Mb,2018-06-01,3,mb3f2,0,0,1,20,50,22,0,5,0,0,0,0,0,0,0,0,0,0,0,0,0,0,16,43252,Spring
Mb,2018-07-05,3,mb3f2,20,5,0,3,0,18,0,8,0,12,0,0,5,0,0,10,0,5,7,0,0,0,10,43286,Summer
Mb,2018-08-08,3,mb3f2,5,15,10,5,15,16,0,6,0,8,0,0,3,4,0,0,0,5,3,0,0,5,0,43320,Summer
Mb,2018-10-01,3,mb3f2,15,20,5,5,10,8,0,4,2,2,0,0,4,5,0,0,0,3,7,0,0,15,0,43374,Autumn
Mb,2018-11-01,3,mb3f2,5,5,0,0,2,8,0,6,6,1,0,0,4,2,0,3,0,3,27,0,0,30,4,43405,Autumn
Mb,2018-12-06,3,mb3f2,4,4,0,0,0,10,0,4,10,0,0,0,3,0,0,0,0,3,35,0,0,30,4,43440,Winter
Mb,2019-01-04,3,mb3f2,20,5,0,0,0,8,0,6,12,0,0,0,5,2,0,0,0,3,18,0,0,35,4,43469,Winter
Mb,2019-04-25,3,mb3f2,0,3,0,5,0,12,0,4,14,12,0,0,1,4,0,0,0,6,0,0,0,40,15,43580,Spring
Mb,2017-06-11,3,mb3f3,5,10,35,50,0,0,0,0,0,0,0,0,0,0,0,0,0,0,0,0,0,0,0,42897,Spring
Mb,2017-06-26,3,mb3f3,30,20,40,10,0,0,0,0,0,0,0,0,0,0,0,0,0,0,0,0,0,0,0,42912,Summer
Mb,2017-07-30,3,mb3f3,5,10,50,5,15,10,0,0,0,5,0,0,0,2,0,0,0,0,2,0,0,0,0,42946,Summer
Mb,2017-08-21,3,mb3f3,5,5,35,5,25,12,0,0,0,5,0,0,0,0,2,5,0,0,3,0,0,0,0,42968,Summer
Mb,2017-10-11,3,mb3f3,20,10,10,3,8,20,0,0,0,1,0,0,1,5,0,0,0,2,12,0,0,0,8,43019,Autumn
Mb,2017-11-17,3,mb3f3,15,10,2,2,10,24,0,0,0,0,0,0,5,8,0,0,0,3,13,0,0,0,8,43056,Autumn
Mb,2017-12-21,3,mb3f3,15,8,2,2,14,26,0,2,0,0,0,0,5,8,0,0,0,3,12,0,0,0,4,43090,Winter
Mb,2018-02-02,3,mb3f3,10,10,3,6,15,26,0,2,0,0,0,0,5,0,0,0,0,5,8,0,0,0,10,43133,Winter
Mb,2018-04-01,3,mb3f3,0,0,0,17,40,30,0,0,0,0,0,0,0,5,0,0,0,0,0,0,0,0,12,43191,Spring
Mb,2018-06-01,3,mb3f3,0,0,0,15,45,32,0,2,0,0,0,0,0,10,0,0,0,0,0,0,0,0,14,43252,Spring
Mb,2018-07-05,3,mb3f3,10,5,0,0,5,30,0,8,10,5,0,0,6,0,2,10,0,0,4,0,0,0,10,43286,Summer
Mb,2018-08-08,3,mb3f3,15,17,5,10,10,4,0,2,0,10,0,0,6,5,5,2,0,8,2,0,0,0,0,43320,Summer
Mb,2018-10-01,3,mb3f3,35,4,0,8,5,12,0,4,5,0,0,0,5,5,0,0,0,3,4,0,0,15,0,43374,Autumn
Mb,2018-11-01,3,mb3f3,10,10,0,5,0,10,0,10,12,8,0,0,4,8,0,0,0,5,10,0,0,18,4,43405,Autumn
Mb,2018-12-06,3,mb3f3,5,10,0,0,4,8,0,6,20,1,0,0,4,0,0,0,0,3,10,0,0,20,12,43440,Winter
Mb,2019-01-04,3,mb3f3,5,5,0,0,0,8,0,6,22,0,0,0,4,0,0,0,0,0,8,0,0,24,18,43469,Winter
Mb,2019-04-25,3,mb3f3,5,0,0,3,7,8,0,4,22,5,0,0,2,5,0,0,0,0,2,0,0,24,22,43580,Spring
Mb,2017-06-11,4,mb4b2,25,60,0,15,0,0,0,0,0,0,0,0,0,0,0,0,0,0,0,0,0,0,0,42897,Spring
Mb,2017-06-26,4,mb4b2,20,20,35,25,0,0,0,0,0,0,0,0,0,0,0,0,0,0,0,0,0,0,0,42912,Summer
Mb,2017-07-30,4,mb4b2,5,10,30,8,6,8,0,0,0,3,0,8,0,0,0,10,0,10,2,0,0,0,0,42946,Summer
Mb,2017-08-21,4,mb4b2,5,5,35,10,10,12,0,0,0,0,0,0,0,3,6,5,0,10,3,0,0,0,0,42968,Summer
Mb,2017-10-11,4,mb4b2,40,5,10,0,3,12,0,5,0,2,0,0,2,3,3,5,0,0,10,0,0,0,0,43019,Autumn
Mb,2017-11-17,4,mb4b2,30,5,6,2,20,14,0,4,0,0,0,0,4,4,0,0,0,3,8,0,0,0,0,43056,Autumn
Mb,2017-12-21,4,mb4b2,20,5,0,7,30,16,0,4,0,0,0,0,3,0,0,0,0,5,6,0,0,0,4,43090,Winter
Mb,2018-02-02,4,mb4b2,15,5,0,10,35,18,0,2,0,0,0,0,0,0,0,0,0,6,3,0,0,0,6,43133,Winter
Mb,2018-04-01,4,mb4b2,0,0,0,10,60,25,0,0,0,0,0,0,0,10,0,0,0,0,0,0,0,0,8,43191,Spring
Mb,2018-06-01,4,mb4b2,30,5,0,12,2,4,0,10,4,0,0,0,3,5,0,0,0,5,8,0,0,0,18,43252,Spring
Mb,2018-07-05,4,mb4b2,10,5,0,20,5,8,0,8,12,12,0,0,2,0,5,5,0,5,5,0,0,0,6,43286,Summer
Mb,2018-08-08,4,mb4b2,0,0,0,2,40,12,0,6,30,4,0,0,0,5,5,8,0,0,0,0,0,0,0,43320,Summer
Mb,2018-10-01,4,mb4b2,10,5,0,10,4,13,0,12,20,2,0,0,2,5,5,10,0,2,5,0,0,4,0,43374,Autumn
Mb,2018-11-01,4,mb4b2,10,3,0,12,5,10,0,8,25,2,0,0,2,5,2,8,0,5,6,0,0,4,2,43405,Autumn
Mb,2018-12-06,4,mb4b2,5,3,0,12,8,11,0,12,28,3,0,0,3,0,0,0,0,4,10,0,0,7,5,43440,Winter
Mb,2019-01-04,4,mb4b2,0,5,0,10,10,12,0,13,28,1,0,0,2,2,0,0,0,4,6,0,0,8,4,43469,Winter
Mb,2019-04-25,4,mb4b2,0,0,0,15,15,18,0,5,28,0,0,0,0,5,0,0,0,0,0,0,0,4,15,43580,Spring
Mb,2017-06-11,4,mb4b3,35,40,5,20,0,0,0,0,0,0,0,0,0,0,0,0,0,0,0,0,0,0,0,42897,Spring
Mb,2017-06-26,4,mb4b3,10,15,50,20,0,0,0,0,0,0,0,5,0,0,0,0,0,0,0,0,0,0,0,42912,Summer
Mb,2017-07-30,4,mb4b3,0,10,60,5,8,4,0,0,0,3,0,6,0,5,0,0,0,0,0,0,0,0,0,42946,Summer
Mb,2017-08-21,4,mb4b3,0,2,45,15,10,8,0,0,0,2,0,0,0,0,10,10,0,3,0,0,0,0,0,42968,Summer
Mb,2017-10-11,4,mb4b3,25,10,16,2,4,12,0,2,0,0,0,0,3,10,0,0,0,5,10,0,0,0,2,43019,Autumn
Mb,2017-11-17,4,mb4b3,20,12,4,0,10,16,0,4,0,0,0,0,6,8,0,0,0,5,12,0,0,0,4,43056,Autumn
Mb,2017-12-21,4,mb4b3,20,15,4,2,14,18,0,2,0,0,0,0,6,5,0,0,0,0,8,0,0,0,6,43090,Winter
Mb,2018-02-02,4,mb4b3,15,20,0,0,20,18,0,2,0,0,0,0,6,0,0,0,0,0,9,0,0,0,10,43133,Winter
Mb,2018-04-01,4,mb4b3,10,8,0,2,35,25,0,0,0,0,0,0,1,0,0,0,0,0,4,0,0,0,15,43191,Spring
Mb,2018-06-01,4,mb4b3,30,5,0,0,0,20,2,16,0,2,0,0,4,0,0,4,0,4,2,0,0,0,15,43252,Spring
Mb,2018-07-05,4,mb4b3,0,5,0,15,6,20,0,12,0,8,0,0,5,0,8,9,0,4,6,0,0,0,16,43286,Summer
Mb,2018-08-08,4,mb4b3,2,5,0,15,8,15,0,8,0,12,0,0,4,0,8,9,0,4,2,0,0,0,8,43320,Summer
Mb,2018-10-01,4,mb4b3,20,10,0,10,3,5,0,10,0,15,0,0,4,0,6,3,0,10,5,0,0,5,0,43374,Autumn
Mb,2018-11-01,4,mb4b3,5,15,0,2,8,8,0,15,0,8,0,0,3,8,0,0,0,10,7,0,0,6,8,43405,Autumn
Mb,2018-12-06,4,mb4b3,10,15,0,0,12,10,0,16,0,0,0,0,4,0,0,0,0,5,8,0,0,10,10,43440,Winter
Mb,2019-01-04,4,mb4b3,5,15,0,0,12,10,0,16,0,0,0,0,6,0,0,0,0,5,9,0,0,15,10,43469,Winter
Mb,2019-04-25,4,mb4b3,0,0,0,5,14,14,0,8,0,10,0,0,3,0,0,15,0,0,0,0,0,15,20,43580,Spring
Mb,2017-06-11,4,mb4f2,10,30,40,20,0,0,0,0,0,0,0,0,0,0,0,0,0,0,0,0,0,0,0,42897,Spring
Mb,2017-06-26,4,mb4f2,10,10,50,30,0,0,0,0,0,0,0,0,0,0,0,0,0,0,0,0,0,0,0,42912,Summer
Mb,2017-07-30,4,mb4f2,10,20,25,6,20,8,0,0,0,3,0,1,0,5,0,0,0,2,0,0,0,0,0,42946,Summer
Mb,2017-08-21,4,mb4f2,15,5,10,0,55,6,0,0,0,2,0,0,0,0,4,2,0,2,1,0,0,0,0,42968,Summer
Mb,2017-10-11,4,mb4f2,40,5,12,2,10,10,0,2,0,4,0,0,1,4,0,0,0,0,10,0,0,0,0,43019,Autumn
Mb,2017-11-17,4,mb4f2,35,3,8,2,8,12,0,6,0,1,0,0,3,2,0,0,0,10,20,0,0,0,0,43056,Autumn
Mb,2017-12-21,4,mb4f2,30,10,5,5,12,14,0,4,0,0,0,0,3,2,0,0,0,8,8,0,0,0,0,43090,Winter
Mb,2018-02-02,4,mb4f2,5,15,5,12,20,16,0,5,0,0,0,0,3,0,0,0,0,12,7,0,0,0,0,43133,Winter
Mb,2018-04-01,4,mb4f2,0,0,0,20,45,25,0,0,0,0,0,0,0,0,0,0,0,0,0,0,0,0,10,43191,Spring
Mb,2018-06-01,4,mb4f2,10,5,0,20,0,20,0,15,0,10,0,0,0,0,0,3,0,5,0,0,0,0,12,43252,Spring
Mb,2018-07-05,4,mb4f2,5,2,0,5,3,25,0,20,0,12,0,0,2,0,3,5,0,8,0,0,0,0,14,43286,Summer
Mb,2018-08-08,4,mb4f2,5,5,3,8,12,12,0,16,6,6,0,0,2,0,2,6,0,4,6,0,0,0,7,43320,Summer
Mb,2018-10-01,4,mb4f2,10,5,3,8,5,14,0,8,0,2,0,0,5,4,0,0,0,0,20,0,0,16,0,43374,Autumn
Mb,2018-11-01,4,mb4f2,10,5,0,6,0,16,0,5,0,2,0,0,5,3,0,0,0,0,28,0,0,10,10,43405,Autumn
Mb,2018-12-06,4,mb4f2,5,5,0,0,2,16,0,10,0,2,0,0,5,3,0,0,0,0,28,0,0,15,10,43440,Winter
Mb,2019-01-04,4,mb4f2,5,5,0,0,2,17,0,12,0,0,0,0,6,0,0,0,0,0,30,0,0,15,11,43469,Winter
Mb,2019-04-25,4,mb4f2,5,2,0,15,4,20,0,6,0,10,0,0,4,0,0,2,0,0,10,0,0,12,18,43580,Spring
Mb,2017-06-11,4,mb4f3,10,25,50,15,0,0,0,0,0,0,0,0,0,0,0,0,0,0,0,0,0,0,0,42897,Spring
Mb,2017-06-26,4,mb4f3,10,10,50,30,0,0,0,0,0,0,0,0,0,0,0,0,0,0,0,0,0,0,0,42912,Summer
Mb,2017-07-30,4,mb4f3,10,10,20,8,25,12,0,0,0,8,0,0,0,8,0,0,0,0,0,0,0,0,0,42946,Summer
Mb,2017-08-21,4,mb4f3,5,5,12,5,35,20,0,0,0,3,0,0,0,15,0,0,0,0,0,0,0,0,0,42968,Summer
Mb,2017-10-11,4,mb4f3,20,10,8,2,15,25,0,0,0,8,0,0,4,5,0,0,0,3,0,0,0,0,0,43019,Autumn
Mb,2017-11-17,4,mb4f3,25,10,10,5,10,28,0,0,0,5,0,0,5,3,0,0,0,0,0,0,0,0,0,43056,Autumn
Mb,2017-12-21,4,mb4f3,25,10,4,6,12,30,0,0,0,0,0,0,5,5,0,0,0,0,2,0,0,0,3,43090,Winter
Mb,2018-02-02,4,mb4f3,25,10,3,10,12,30,0,0,0,0,0,0,3,5,0,0,0,0,3,0,0,0,3,43133,Winter
Mb,2018-04-01,4,mb4f3,0,0,5,20,25,45,0,0,0,0,0,0,0,0,0,0,0,0,0,0,0,0,5,43191,Spring
Mb,2018-06-01,4,mb4f3,40,10,1,0,0,25,0,12,0,5,0,0,3,2,0,0,0,0,0,0,0,0,6,43252,Spring
Mb,2018-07-05,4,mb4f3,5,5,0,8,4,28,0,14,0,16,0,0,0,0,5,10,0,0,0,0,0,0,18,43286,Summer
Mb,2018-08-08,4,mb4f3,5,10,6,10,25,10,0,10,0,5,0,0,0,0,4,15,0,0,0,0,0,0,0,43320,Summer
Mb,2018-10-01,4,mb4f3,20,10,0,10,0,14,0,10,2,2,0,0,3,10,0,0,0,0,12,0,0,8,0,43374,Autumn
Mb,2018-11-01,4,mb4f3,10,5,0,0,8,15,0,6,4,2,0,0,3,15,0,0,0,0,16,0,0,12,8,43405,Autumn
Mb,2018-12-06,4,mb4f3,8,4,0,0,12,15,0,10,5,0,0,0,2,8,0,0,0,0,10,0,0,14,12,43440,Winter
Mb,2019-01-04,4,mb4f3,5,5,0,0,6,14,0,8,6,0,0,0,4,5,0,0,0,0,14,0,0,20,14,43469,Winter
Mb,2019-04-25,4,mb4f3,2,0,0,15,5,20,0,2,10,5,0,0,3,8,0,0,0,0,0,0,0,15,25,43580,Spring
Mb,2017-06-11,5,mb5b2,30,40,0,30,0,0,0,0,0,0,0,0,0,0,0,0,0,0,0,0,0,0,0,42897,Spring
Mb,2017-06-26,5,mb5b2,55,28,5,10,0,2,0,0,0,0,0,0,0,0,0,0,0,0,0,0,0,0,0,42912,Summer
Mb,2017-07-30,5,mb5b2,45,15,8,5,12,8,0,0,0,3,0,0,0,4,0,0,0,0,0,0,0,0,0,42946,Summer
Mb,2017-08-21,5,mb5b2,25,15,3,8,20,10,0,0,0,3,0,0,0,2,5,8,0,0,1,0,0,0,0,42968,Summer
Mb,2017-10-11,5,mb5b2,32,5,15,2,5,10,0,0,0,4,0,0,4,8,0,0,0,2,8,0,0,0,6,43019,Autumn
Mb,2017-11-17,5,mb5b2,20,10,18,5,8,16,0,4,0,2,0,0,6,3,0,0,0,0,6,0,0,0,4,43056,Autumn
Mb,2017-12-21,5,mb5b2,30,5,8,3,18,16,0,5,0,0,0,0,5,0,0,0,0,0,8,0,0,0,4,43090,Winter
Mb,2018-02-02,5,mb5b2,5,45,4,4,12,14,0,6,0,0,0,0,6,0,0,0,0,0,4,0,0,0,0,43133,Winter
Mb,2018-04-01,5,mb5b2,0,0,0,25,40,25,0,0,0,0,0,0,0,0,0,0,0,0,0,0,0,0,15,43191,Spring
Mb,2018-06-01,5,mb5b2,25,5,0,20,10,20,0,5,4,0,0,0,3,0,0,4,0,0,0,0,0,0,6,43252,Spring
Mb,2018-07-05,5,mb5b2,20,2,2,10,5,20,0,5,4,3,0,0,3,0,8,10,0,0,8,0,0,0,8,43286,Summer
Mb,2018-08-08,5,mb5b2,5,0,0,0,35,20,0,3,4,6,0,0,3,3,2,14,0,0,5,0,0,0,2,43320,Summer
Mb,2018-10-01,5,mb5b2,15,0,0,2,5,25,0,3,10,1,0,0,2,5,0,5,0,0,15,0,0,15,0,43374,Autumn
Mb,2018-11-01,5,mb5b2,10,5,0,5,0,15,0,4,6,0,0,0,3,5,3,3,0,0,18,0,0,18,10,43405,Autumn
Mb,2018-12-06,5,mb5b2,6,4,0,5,2,10,0,8,8,0,0,0,3,0,0,0,0,5,25,0,0,20,12,43440,Winter
Mb,2019-01-04,5,mb5b2,10,0,0,5,0,12,0,2,10,0,0,0,4,0,0,0,0,7,20,0,0,22,10,43469,Winter
Mb,2019-04-25,5,mb5b2,0,0,0,12,0,18,0,2,10,12,0,0,1,5,0,0,0,0,5,0,0,10,35,43580,Spring
Mb,2017-06-11,5,mb5b3,5,85,0,10,0,0,0,0,0,0,0,0,0,0,0,0,0,0,0,0,0,0,0,42897,Spring
Mb,2017-06-26,5,mb5b3,10,70,4,10,3,0,0,0,0,0,0,0,3,0,0,0,0,0,0,0,0,0,0,42912,Summer
Mb,2017-07-30,5,mb5b3,3,5,70,5,0,2,0,0,0,0,0,5,3,10,0,0,0,0,0,0,0,0,0,42946,Summer
Mb,2017-08-21,5,mb5b3,20,5,5,2,45,5,0,0,0,4,0,0,3,2,0,7,0,2,0,0,0,0,0,42968,Summer
Mb,2017-10-11,5,mb5b3,30,8,5,0,5,16,0,0,0,5,0,0,4,15,0,0,0,4,8,0,0,0,0,43019,Autumn
Mb,2017-11-17,5,mb5b3,35,10,0,0,10,21,0,5,0,2,0,0,4,8,0,0,0,0,5,0,0,0,0,43056,Autumn
Mb,2017-12-21,5,mb5b3,20,10,0,0,25,25,0,8,0,0,0,0,4,4,0,0,0,0,4,0,0,0,0,43090,Winter
Mb,2018-02-02,5,mb5b3,5,5,0,3,28,28,0,3,0,0,0,0,4,0,0,0,0,10,4,0,0,0,12,43133,Winter
Mb,2018-04-01,5,mb5b3,0,0,0,15,40,30,0,0,0,0,0,0,0,0,0,0,0,0,0,0,0,0,15,43191,Spring
Mb,2018-06-01,5,mb5b3,15,5,0,15,10,25,0,0,0,0,0,0,1,0,0,0,0,10,0,0,0,0,20,43252,Spring
Mb,2018-07-05,5,mb5b3,25,10,0,0,5,15,0,6,0,0,0,0,4,2,4,10,0,0,4,0,0,0,15,43286,Summer
Mb,2018-08-08,5,mb5b3,10,4,0,0,30,18,0,8,0,5,0,0,4,2,4,6,0,5,5,0,0,0,0,43320,Summer
Mb,2018-10-01,5,mb5b3,20,4,2,2,3,20,0,8,0,0,0,0,4,5,0,5,0,5,20,0,0,0,2,43374,Autumn
Mb,2018-11-01,5,mb5b3,10,2,1,2,0,20,0,2,0,1,0,0,4,5,0,5,0,8,25,0,0,0,15,43405,Autumn
Mb,2018-12-06,5,mb5b3,15,10,0,0,4,10,0,5,0,0,0,0,6,5,0,0,0,10,10,0,0,20,5,43440,Winter
Mb,2019-01-04,5,mb5b3,20,5,0,0,5,10,0,5,0,0,0,0,6,5,0,0,0,0,25,0,0,22,0,43469,Winter
Mb,2019-04-25,5,mb5b3,5,0,0,10,0,12,0,6,0,10,0,0,6,10,0,0,0,10,5,0,0,10,25,43580,Spring
Mb,2017-06-11,5,mb5f2,5,35,30,30,0,0,0,0,0,0,0,0,0,0,0,0,0,0,0,0,0,0,0,42897,Spring
Mb,2017-06-26,5,mb5f2,5,5,50,40,0,0,0,0,0,0,0,0,0,0,0,0,0,0,0,0,0,0,0,42912,Summer
Mb,2017-07-30,5,mb5f2,6,10,30,8,20,6,0,0,0,8,0,5,1,2,2,2,0,0,0,0,0,0,0,42946,Summer
Mb,2017-08-21,5,mb5f2,5,5,30,2,22,10,0,0,0,5,0,0,0,0,15,0,0,8,0,0,0,0,0,42968,Summer
Mb,2017-10-11,5,mb5f2,60,5,0,0,5,8,0,0,0,4,0,0,1,5,5,2,0,0,5,0,0,0,0,43019,Autumn
Mb,2017-11-17,5,mb5f2,50,2,0,0,10,16,0,6,0,0,0,0,1,2,0,0,0,0,12,0,0,0,2,43056,Autumn
Mb,2017-12-21,5,mb5f2,35,5,0,0,15,20,0,8,0,0,0,0,2,1,0,0,0,0,12,0,0,0,3,43090,Winter
Mb,2018-02-02,5,mb5f2,5,25,8,4,20,23,0,0,0,0,0,0,0,5,0,0,0,10,0,0,0,0,0,43133,Winter
Mb,2018-04-01,5,mb5f2,5,0,0,8,30,45,0,5,0,0,0,0,0,5,0,0,0,0,0,0,0,0,2,43191,Spring
Mb,2018-06-01,5,mb5f2,50,5,0,20,0,5,0,2,0,10,0,0,0,0,0,0,0,0,0,0,0,0,8,43252,Spring
Mb,2018-07-05,5,mb5f2,20,10,0,8,10,8,0,8,0,20,0,0,2,2,0,0,0,0,4,0,0,0,8,43286,Summer
Mb,2018-08-08,5,mb5f2,15,10,2,0,20,20,0,6,0,8,0,0,2,0,5,5,0,2,6,0,0,0,0,43320,Summer
Mb,2018-10-01,5,mb5f2,20,5,0,2,0,25,0,8,0,1,0,0,4,2,8,5,0,5,12,0,0,4,2,43374,Autumn
Mb,2018-11-01,5,mb5f2,5,5,0,5,0,30,0,4,0,3,0,0,4,0,0,0,0,5,20,0,0,10,9,43405,Autumn
Mb,2018-12-06,5,mb5f2,8,5,0,0,0,25,0,6,0,0,0,0,5,0,0,0,0,5,22,0,0,18,10,43440,Winter
Mb,2019-01-04,5,mb5f2,5,5,0,0,0,26,0,8,0,0,0,0,6,5,0,0,0,0,23,0,0,18,10,43469,Winter
Mb,2019-04-25,5,mb5f2,0,0,0,3,5,30,0,5,0,16,0,0,2,0,0,0,0,0,0,0,0,22,20,43580,Spring
Mb,2017-06-11,5,mb5f3,2,18,40,40,0,0,0,0,0,0,0,0,0,0,0,0,0,0,0,0,0,0,0,42897,Spring
Mb,2017-06-26,5,mb5f3,0,10,70,20,0,0,0,0,0,0,0,0,0,0,0,0,0,0,0,0,0,0,0,42912,Summer
Mb,2017-07-30,5,mb5f3,15,10,8,8,25,7,0,0,0,3,0,16,0,0,0,8,0,0,0,0,0,0,0,42946,Summer
Mb,2017-08-21,5,mb5f3,15,5,18,5,20,10,0,3,0,2,0,10,0,5,2,5,0,0,0,0,0,0,0,42968,Summer
Mb,2017-10-11,5,mb5f3,40,5,0,0,8,12,0,0,0,2,0,0,2,20,0,0,0,0,10,0,0,0,1,43019,Autumn
Mb,2017-11-17,5,mb5f3,45,5,3,1,4,18,0,0,0,0,0,0,4,5,0,0,0,0,12,0,0,0,3,43056,Autumn
Mb,2017-12-21,5,mb5f3,30,5,2,2,10,25,0,4,0,0,0,0,4,6,0,0,0,0,12,0,0,0,0,43090,Winter
Mb,2018-02-02,5,mb5f3,5,5,3,5,20,28,0,4,0,0,0,0,4,6,0,0,0,10,10,0,0,0,0,43133,Winter
Mb,2018-04-01,5,mb5f3,0,0,0,16,30,45,0,0,0,0,0,0,2,10,0,0,0,0,0,0,0,0,0,43191,Spring
Mb,2018-06-01,5,mb5f3,30,5,0,2,0,20,0,4,6,4,0,0,2,4,2,0,0,0,4,0,0,0,20,43252,Spring
Mb,2018-07-05,5,mb5f3,5,2,0,12,5,25,0,3,8,12,0,0,2,4,6,4,0,0,2,0,0,0,10,43286,Summer
Mb,2018-08-08,5,mb5f3,10,5,0,5,16,20,0,5,12,6,0,0,2,0,8,8,0,0,4,0,0,0,0,43320,Summer
Mb,2018-10-01,5,mb5f3,20,5,5,0,2,15,0,8,14,3,0,0,3,4,2,2,0,2,12,0,0,6,2,43374,Autumn
Mb,2018-11-01,5,mb5f3,25,2,0,0,0,10,0,6,15,4,0,0,4,2,0,4,0,0,13,0,0,8,8,43405,Autumn
Mb,2018-12-06,5,mb5f3,15,15,0,0,4,6,0,2,14,0,0,0,4,0,0,6,0,5,10,0,0,8,12,43440,Winter
Mb,2019-01-04,5,mb5f3,30,0,0,0,4,7,0,4,14,0,0,0,4,0,0,6,0,0,14,0,0,8,14,43469,Winter
Mb,2019-04-25,5,mb5f3,5,5,0,2,6,7,0,4,16,8,0,0,3,2,0,0,0,0,2,0,0,12,30,43580,Spring
Qab,2017-06-11,1,qab1b2,70,15,0,15,0,0,0,0,0,0,0,0,0,0,0,0,0,0,0,0,0,0,0,42897,Spring
Qab,2017-06-25,1,qab1b2,65,4,0,20,3,5,0,0,0,0,0,3,0,0,0,0,0,0,0,0,0,0,0,42911,Summer
Qab,2017-07-20,1,qab1b2,21,5,0,10,6,14,0,0,0,0,5,25,1,0,10,0,2,0,1,0,0,0,0,42936,Summer
Qab,2017-08-18,1,qab1b2,8,0,0,5,0,0,0,0,0,2,15,20,2,40,10,0,0,0,4,0,0,0,0,42965,Summer
Qab,2017-10-25,1,qab1b2,5,10,0,0,15,25,0,0,0,0,12,0,3,20,0,0,0,5,10,0,0,0,0,43033,Autumn
Qab,2017-11-29,1,qab1b2,5,5,0,0,20,30,0,0,0,0,0,0,3,15,0,0,0,3,15,0,0,0,5,43068,Autumn
Qab,2018-01-05,1,qab1b2,5,5,0,0,22,32,0,0,0,0,0,0,3,2,0,0,0,10,5,0,0,6,10,43105,Winter
Qab,2018-02-05,1,qab1b2,2,10,0,0,24,34,0,0,0,0,0,0,3,0,0,0,0,10,5,0,0,0,12,43136,Winter
Qab,2018-03-05,1,qab1b2,10,10,0,0,26,36,0,0,0,0,0,0,3,0,0,0,0,0,0,0,0,0,15,43164,Spring
Qab,2018-04-04,1,qab1b2,5,10,0,0,28,38,0,0,0,0,0,0,3,0,0,0,0,0,0,0,0,0,16,43194,Spring
Qab,2018-05-01,1,qab1b2,5,5,0,0,35,45,0,0,0,0,0,0,0,0,0,0,0,0,0,0,0,0,20,43221,Spring
Qab,2018-06-01,1,qab1b2,5,0,0,5,20,55,0,0,0,0,0,3,0,0,0,0,0,0,0,0,0,0,15,43252,Summer
Qab,2018-07-05,1,qab1b2,20,15,0,10,5,12,0,0,0,3,6,0,2,4,2,5,0,5,8,0,0,2,5,43286,Summer
Qab,2018-08-08,1,qab1b2,0,0,0,0,10,20,0,0,0,0,7,0,1,5,20,12,0,6,10,0,0,3,6,43320,Summer
Qab,2018-10-02,1,qab1b2,0,0,0,0,22,29,0,0,0,0,0,0,1,4,25,14,0,0,3,0,0,0,2,43375,Autumn
Qab,2018-11-07,1,qab1b2,0,0,0,0,25,30,0,0,0,0,0,0,1,4,25,14,0,0,3,0,0,0,4,43411,Autumn
Qab,2018-12-06,1,qab1b2,25,10,0,0,9,25,0,0,0,0,0,0,2,10,0,0,0,5,4,0,0,5,5,43440,Winter
Qab,2019-01-04,1,qab1b2,45,10,0,0,0,0,0,0,0,0,0,0,3,4,0,0,0,10,4,10,0,12,2,43469,Winter
Qab,2019-04-25,1,qab1b2,0,15,0,4,0,0,0,0,0,12,0,0,3,15,0,0,0,10,4,15,0,20,3,43580,Spring
Qab,2017-06-11,1,qab1b3,70,20,0,10,0,0,0,0,0,0,0,0,0,0,0,0,0,0,0,0,0,0,0,42897,Spring
Qab,2017-06-25,1,qab1b3,60,30,0,8,0,0,0,0,0,0,0,0,0,2,0,0,0,0,0,0,0,0,0,42911,Summer
Qab,2017-07-20,1,qab1b3,50,25,0,10,0,0,0,0,0,0,0,0,1,3,0,6,0,6,0,0,0,0,0,42936,Summer
Qab,2017-08-18,1,qab1b3,10,30,0,6,3,8,0,0,0,0,0,0,5,30,0,0,0,0,8,0,0,0,0,42965,Summer
Qab,2017-10-25,1,qab1b3,0,5,0,0,15,45,0,0,0,0,5,0,1,20,0,4,0,0,6,0,0,0,0,43033,Autumn
Qab,2017-11-29,1,qab1b3,5,4,0,1,20,50,0,0,0,0,1,0,2,10,0,2,0,0,5,0,0,0,0,43068,Autumn
Qab,2018-01-05,1,qab1b3,0,10,0,0,22,52,0,0,3,0,0,0,1,8,0,0,0,0,4,0,0,0,0,43105,Winter
Qab,2018-02-05,1,qab1b3,2,20,0,0,18,48,0,0,4,0,0,0,1,3,0,0,0,0,0,0,0,0,4,43136,Winter
Qab,2018-03-05,1,qab1b3,0,5,0,0,20,50,0,0,10,0,2,3,0,0,0,0,0,0,2,0,0,0,8,43164,Spring
Qab,2018-04-04,1,qab1b3,0,0,0,0,24,51,0,2,11,0,0,0,0,0,0,0,0,0,0,0,0,0,12,43194,Spring
Qab,2018-05-01,1,qab1b3,0,0,0,4,26,53,0,0,13,0,1,0,0,0,0,0,0,0,0,0,0,0,14,43221,Spring
Qab,2018-06-01,1,qab1b3,0,0,0,10,13,56,0,0,0,0,5,0,0,0,0,0,0,0,0,0,0,0,16,43252,Summer
Qab,2018-07-05,1,qab1b3,60,2,0,0,4,18,0,0,0,0,1,1,3,0,4,2,0,0,2,0,0,1,2,43286,Summer
Qab,2018-08-08,1,qab1b3,0,10,0,0,10,25,0,0,0,1,10,0,1,0,25,10,0,0,8,0,0,5,2,43320,Summer
Qab,2018-10-02,1,qab1b3,18,5,0,5,15,15,0,0,0,0,0,0,3,0,20,10,0,2,4,0,0,0,4,43375,Autumn
Qab,2018-11-07,1,qab1b3,20,10,0,0,28,12,0,2,0,0,0,0,0,0,16,0,0,8,0,0,0,5,0,43411,Autumn
Qab,2018-12-06,1,qab1b3,10,10,0,0,30,8,0,0,0,0,0,0,4,0,4,5,0,10,2,0,0,15,2,43440,Winter
Qab,2019-01-04,1,qab1b3,20,25,0,0,2,0,0,0,0,0,2,0,10,5,0,0,0,10,3,0,0,20,4,43469,Winter
Qab,2019-04-25,1,qab1b3,5,25,0,0,0,0,0,0,0,6,0,2,8,10,0,0,0,15,0,0,0,25,6,43580,Spring
Qab,2017-06-11,1,qab1f2,70,20,0,10,2,0,0,0,0,0,0,0,0,0,0,0,0,0,0,0,0,0,0,42897,Spring
Qab,2017-06-25,1,qab1f2,50,40,0,10,0,0,0,0,0,0,0,0,1,0,0,0,0,0,0,0,0,0,0,42911,Summer
Qab,2017-07-20,1,qab1f2,35,15,0,8,4,2,0,0,0,0,0,28,2,0,0,6,0,0,0,0,0,0,0,42936,Summer
Qab,2017-08-18,1,qab1f2,3,20,0,10,2,0,0,0,0,0,0,35,3,15,0,0,0,0,12,0,0,0,0,42965,Summer
Qab,2017-10-25,1,qab1f2,4,8,0,3,16,15,0,0,4,0,0,0,5,18,5,0,0,0,20,0,0,2,0,43033,Autumn
Qab,2017-11-29,1,qab1f2,6,4,0,2,20,18,0,0,6,0,1,0,5,10,0,0,0,0,25,0,0,5,0,43068,Autumn
Qab,2018-01-05,1,qab1f2,0,15,0,0,20,18,0,0,8,0,0,0,5,5,0,0,0,0,24,0,0,3,1,43105,Winter
Qab,2018-02-05,1,qab1f2,0,14,0,0,22,20,0,0,8,0,0,0,5,4,0,0,0,0,23,0,0,3,1,43136,Winter
Qab,2018-03-05,1,qab1f2,0,10,0,2,23,21,0,0,9,0,0,0,5,3,0,0,0,0,23,0,0,3,1,43164,Spring
Qab,2018-04-04,1,qab1f2,0,8,0,1,24,22,0,0,12,0,0,0,5,2,0,0,0,0,23,0,0,3,1,43194,Spring
Qab,2018-05-01,1,qab1f2,0,10,0,6,25,23,0,0,12,0,0,0,2,1,0,0,0,0,20,0,0,3,6,43221,Spring
Qab,2018-06-01,1,qab1f2,20,5,0,0,2,16,0,0,14,0,5,0,2,0,0,0,0,20,5,0,0,6,8,43252,Summer
Qab,2018-07-05,1,qab1f2,5,3,0,0,3,17,0,0,15,0,6,2,4,5,12,8,0,8,15,0,0,1,4,43286,Summer
Qab,2018-08-08,1,qab1f2,0,0,0,0,15,25,0,0,17,0,7,0,4,0,25,9,0,0,4,0,0,0,0,43320,Summer
Qab,2018-10-02,1,qab1f2,8,0,0,0,15,12,0,0,17,0,0,0,6,8,12,10,0,0,6,0,0,2,6,43375,Autumn
Qab,2018-11-07,1,qab1f2,5,0,0,0,16,12,0,0,17,0,0,0,6,8,8,10,0,0,10,0,0,2,10,43411,Autumn
Qab,2018-12-06,1,qab1f2,10,7,0,0,17,8,0,0,17,0,0,0,4,9,0,0,0,6,5,4,0,5,15,43440,Winter
Qab,2019-01-04,1,qab1f2,20,10,0,0,2,0,0,0,17,0,0,0,6,4,0,0,0,5,10,5,0,15,8,43469,Winter
Qab,2019-04-25,1,qab1f2,15,5,0,0,0,0,0,0,0,8,0,0,6,5,2,0,0,15,5,18,0,20,5,43580,Spring
Qab,2017-06-11,1,qab1f3,60,20,0,20,0,0,0,0,0,0,0,0,0,0,0,0,0,0,0,0,0,0,0,42897,Spring
Qab,2017-06-25,1,qab1f3,50,30,0,15,0,4,0,0,0,0,0,0,1,0,0,0,0,0,0,0,0,0,0,42911,Summer
Qab,2017-07-20,1,qab1f3,41,20,0,15,0,8,0,0,0,0,0,0,2,0,0,10,0,4,0,0,0,0,0,42936,Summer
Qab,2017-08-18,1,qab1f3,20,20,0,10,2,8,0,0,0,0,0,0,5,10,0,15,0,5,6,0,0,0,0,42965,Summer
Qab,2017-10-25,1,qab1f3,12,10,0,2,6,20,0,0,0,1,5,0,6,12,2,15,0,5,6,0,0,0,0,43033,Autumn
Qab,2017-11-29,1,qab1f3,15,5,0,5,12,30,0,0,0,1,0,0,4,12,0,8,0,2,6,0,0,0,0,43068,Autumn
Qab,2018-01-05,1,qab1f3,10,5,0,5,16,32,0,0,0,0,0,0,4,12,0,8,0,2,6,0,0,0,0,43105,Winter
Qab,2018-02-05,1,qab1f3,20,10,0,2,12,25,0,0,0,0,0,0,6,10,0,7,0,2,6,0,0,0,0,43136,Winter
Qab,2018-03-05,1,qab1f3,20,10,0,2,14,25,0,0,0,0,0,0,6,8,0,7,0,2,6,0,0,0,0,43164,Spring
Qab,2018-04-04,1,qab1f3,20,12,0,5,18,27,0,0,0,0,0,0,6,6,0,0,0,2,4,0,0,0,0,43194,Spring
Qab,2018-05-01,1,qab1f3,0,0,0,10,32,36,0,0,0,0,5,4,5,8,0,0,0,0,0,0,0,0,0,43221,Spring
Qab,2018-06-01,1,qab1f3,40,12,0,0,10,20,2,0,0,0,0,0,4,0,0,0,0,10,3,0,0,0,0,43252,Summer
Qab,2018-07-05,1,qab1f3,12,10,0,0,6,15,6,0,3,0,0,0,6,0,15,8,0,5,8,0,0,0,6,43286,Summer
Qab,2018-08-08,1,qab1f3,0,0,0,0,26,22,3,0,10,0,0,0,2,0,30,10,0,0,0,0,0,0,0,43320,Summer
Qab,2018-10-02,1,qab1f3,5,0,0,0,20,14,4,0,10,0,0,0,3,5,20,15,0,2,2,0,0,0,0,43375,Autumn
Qab,2018-11-07,1,qab1f3,5,0,0,3,22,16,0,0,11,0,3,0,4,5,20,5,0,0,0,0,0,0,6,43411,Autumn
Qab,2018-12-06,1,qab1f3,20,5,0,0,16,14,0,0,0,0,5,0,2,10,0,0,0,10,6,0,0,10,2,43440,Winter
Qab,2019-01-04,1,qab1f3,25,5,0,0,4,5,0,0,0,0,0,0,6,10,0,0,0,15,10,0,0,15,5,43469,Winter
Qab,2019-04-25,1,qab1f3,0,5,0,0,2,0,0,0,0,12,6,4,8,12,0,0,0,20,8,0,0,20,5,43580,Spring
Qab,2017-06-11,2,qab2b2,68,20,0,10,2,0,0,0,0,0,0,0,0,0,0,0,0,0,0,0,0,0,0,42897,Spring
Qab,2017-06-25,2,qab2b2,20,50,0,30,0,0,0,0,0,0,0,0,0,0,0,0,0,0,0,0,0,0,0,42911,Summer
Qab,2017-07-20,2,qab2b2,30,20,5,20,5,2,0,0,0,0,0,0,3,0,0,15,0,0,1,0,0,0,0,42936,Summer
Qab,2017-08-18,2,qab2b2,10,15,0,10,0,0,0,0,0,0,2,10,4,0,10,25,0,0,12,0,0,0,2,42965,Summer
Qab,2017-10-25,2,qab2b2,4,2,0,0,22,18,0,0,0,0,20,0,5,10,0,15,0,3,14,0,0,0,0,43033,Autumn
Qab,2017-11-29,2,qab2b2,18,10,1,5,18,14,0,0,0,1,0,0,5,4,0,5,0,5,14,0,0,0,0,43068,Autumn
Qab,2018-01-05,2,qab2b2,15,20,0,3,18,16,0,0,0,0,0,0,5,5,0,0,0,6,12,0,0,0,0,43105,Winter
Qab,2018-02-05,2,qab2b2,15,20,0,3,18,16,0,0,0,0,0,0,5,5,0,0,0,6,12,0,0,0,0,43136,Winter
Qab,2018-03-05,2,qab2b2,10,18,0,6,20,18,0,0,0,0,0,0,5,5,0,0,0,6,12,0,0,0,0,43164,Spring
Qab,2018-04-04,2,qab2b2,10,18,0,6,20,18,0,0,0,0,0,0,5,5,0,0,0,6,12,0,0,0,0,43194,Spring
Qab,2018-05-01,2,qab2b2,5,10,0,8,26,24,0,0,0,0,0,0,5,5,0,0,0,6,12,0,0,0,0,43221,Spring
Qab,2018-06-01,2,qab2b2,5,5,0,12,15,40,0,0,4,8,0,0,5,2,0,0,0,0,4,0,0,0,0,43252,Summer
Qab,2018-07-05,2,qab2b2,8,2,0,5,8,30,0,0,6,6,0,0,5,0,12,5,0,0,10,0,0,0,4,43286,Summer
Qab,2018-08-08,2,qab2b2,0,0,0,6,14,32,0,0,7,5,4,0,3,4,14,6,0,0,4,0,0,0,1,43320,Summer
Qab,2018-10-02,2,qab2b2,15,0,0,0,8,16,0,0,0,2,0,0,5,8,18,10,0,0,10,0,0,8,0,43375,Autumn
Qab,2018-11-07,2,qab2b2,15,5,0,0,20,25,0,0,0,0,0,0,5,4,4,5,0,0,8,0,0,6,3,43411,Autumn
Qab,2018-12-06,2,qab2b2,25,5,0,0,16,14,0,0,0,0,0,0,4,4,0,4,0,0,6,0,0,16,6,43440,Winter
Qab,2019-01-04,2,qab2b2,20,0,0,0,3,4,0,0,0,0,0,0,8,4,0,0,0,5,12,0,0,40,4,43469,Winter
Qab,2019-04-25,2,qab2b2,0,0,0,5,0,0,0,0,0,10,12,6,4,8,0,14,0,6,8,0,0,20,8,43580,Spring
Qab,2017-06-11,2,qab2b3,80,15,0,5,0,0,0,0,0,0,0,0,0,0,0,0,0,0,0,0,0,0,0,42897,Spring
Qab,2017-06-25,2,qab2b3,60,30,0,10,0,0,0,0,0,0,0,0,0,0,0,0,0,0,0,0,0,0,0,42911,Summer
Qab,2017-07-20,2,qab2b3,50,20,0,8,0,0,0,0,0,0,0,0,4,2,0,10,0,2,3,0,1,0,0,42936,Summer
Qab,2017-08-18,2,qab2b3,35,10,0,2,0,0,0,0,0,0,0,0,6,5,0,25,0,7,10,0,0,0,0,42965,Summer
Qab,2017-10-25,2,qab2b3,6,5,0,0,5,10,0,0,6,0,2,0,6,5,0,20,0,10,25,0,0,0,0,43033,Autumn
Qab,2017-11-29,2,qab2b3,10,5,0,2,35,30,0,0,0,0,0,0,2,2,0,8,0,0,6,0,0,0,0,43068,Autumn
Qab,2018-01-05,2,qab2b3,25,10,0,0,25,25,0,0,0,0,0,0,2,2,0,0,0,8,3,0,0,0,0,43105,Winter
Qab,2018-02-05,2,qab2b3,25,5,0,0,30,30,0,0,0,0,0,0,0,1,0,0,0,10,0,0,0,0,0,43136,Winter
Qab,2018-03-05,2,qab2b3,20,5,0,2,36,30,0,0,0,0,0,0,0,1,0,0,0,6,0,0,0,0,0,43164,Spring
Qab,2018-04-04,2,qab2b3,15,0,0,2,40,40,0,0,0,0,0,0,0,1,0,0,0,2,0,0,0,0,0,43194,Spring
Qab,2018-05-01,2,qab2b3,5,0,0,2,30,56,0,0,0,0,0,0,0,5,0,0,0,0,0,0,0,0,0,43221,Spring
Qab,2018-06-01,2,qab2b3,0,0,0,4,23,60,0,0,0,0,0,5,0,8,0,0,0,0,0,0,0,0,0,43252,Summer
Qab,2018-07-05,2,qab2b3,0,0,0,4,23,62,0,0,0,0,2,0,0,5,0,5,0,0,0,0,0,0,0,43286,Summer
Qab,2018-08-08,2,qab2b3,0,0,0,4,45,35,0,0,0,0,4,0,0,0,0,15,0,0,0,0,0,0,0,43320,Summer
Qab,2018-10-02,2,qab2b3,60,5,0,0,4,6,0,0,0,0,0,0,4,4,10,4,0,0,2,0,0,3,0,43375,Autumn
Qab,2018-11-07,2,qab2b3,50,5,0,0,8,10,0,0,0,0,0,0,5,0,4,5,0,5,6,0,0,6,0,43411,Autumn
Qab,2018-12-06,2,qab2b3,60,2,0,0,3,8,0,0,0,0,0,0,6,0,0,4,0,0,7,0,0,12,0,43440,Winter
Qab,2019-01-04,2,qab2b3,50,5,0,0,0,0,0,0,0,0,0,0,10,0,0,3,0,3,10,4,0,16,0,43469,Winter
Qab,2019-04-25,2,qab2b3,0,0,0,0,0,0,0,0,0,0,25,0,3,5,0,35,0,0,0,6,0,20,6,43580,Spring
Qab,2017-06-11,2,qab2f2,80,15,0,5,0,0,0,0,0,0,0,0,0,0,0,0,0,0,0,0,0,0,0,42897,Spring
Qab,2017-06-25,2,qab2f2,60,30,0,10,0,0,0,0,0,0,0,0,0,0,0,0,0,0,0,0,0,0,0,42911,Summer
Qab,2017-07-20,2,qab2f2,40,20,0,10,4,0,0,0,0,0,0,0,5,2,0,10,0,2,3,0,4,0,0,42936,Summer
Qab,2017-08-18,2,qab2f2,10,40,0,5,0,0,0,0,0,0,6,0,6,16,0,12,0,0,5,0,0,0,0,42965,Summer
Qab,2017-10-25,2,qab2f2,15,4,0,0,16,10,0,0,0,0,8,0,4,12,8,8,0,5,10,0,0,0,0,43033,Autumn
Qab,2017-11-29,2,qab2f2,25,5,0,0,20,17,0,0,0,0,0,0,4,12,0,5,0,4,8,0,0,0,0,43068,Autumn
Qab,2018-01-05,2,qab2f2,20,8,0,2,25,22,0,0,0,0,0,0,5,10,0,0,0,6,2,0,0,0,0,43105,Winter
Qab,2018-02-05,2,qab2f2,17,10,0,4,30,26,0,0,0,0,0,0,5,8,0,0,0,0,0,0,0,0,0,43136,Winter
Qab,2018-03-05,2,qab2f2,20,10,0,5,28,30,0,0,0,0,0,0,4,4,0,0,0,0,0,0,0,0,0,43164,Spring
Qab,2018-04-04,2,qab2f2,15,10,0,8,26,34,0,0,0,0,0,0,4,2,0,0,0,0,0,0,0,1,0,43194,Spring
Qab,2018-05-01,2,qab2f2,10,5,0,16,22,40,0,0,0,0,0,0,3,0,0,0,0,0,0,0,0,3,2,43221,Spring
Qab,2018-06-01,2,qab2f2,5,5,0,20,15,45,0,0,0,0,0,0,3,1,0,0,0,5,0,0,0,3,0,43252,Summer
Qab,2018-07-05,2,qab2f2,0,0,0,0,18,50,0,0,0,4,12,0,0,4,0,2,0,6,0,0,0,1,3,43286,Summer
Qab,2018-08-08,2,qab2f2,0,0,0,0,22,52,0,0,0,0,14,0,0,5,6,14,0,0,0,0,0,2,0,43320,Summer
Qab,2018-10-02,2,qab2f2,5,0,0,0,20,42,0,0,0,0,0,0,1,2,12,9,0,1,2,0,0,4,2,43375,Autumn
Qab,2018-11-07,2,qab2f2,30,3,0,0,8,20,0,0,0,0,0,0,3,4,0,4,0,2,2,8,0,12,4,43411,Autumn
Qab,2018-12-06,2,qab2f2,40,7,0,0,0,8,0,0,0,0,0,0,6,2,0,6,0,0,3,6,0,16,6,43440,Winter
Qab,2019-01-04,2,qab2f2,45,6,0,0,0,0,0,0,0,0,0,0,6,1,0,0,0,2,4,12,0,22,2,43469,Winter
Qab,2019-04-25,2,qab2f2,0,0,0,5,5,0,0,0,0,8,12,0,1,5,0,20,0,0,0,6,0,30,8,43580,Spring
Qab,2017-06-11,2,qab2f3,65,25,0,10,0,0,0,0,0,0,0,0,0,0,0,0,0,0,0,0,0,0,0,42897,Spring
Qab,2017-06-25,2,qab2f3,50,30,0,20,0,0,0,0,0,0,0,0,0,0,0,0,0,0,0,0,0,0,0,42911,Summer
Qab,2017-07-20,2,qab2f3,42,35,0,15,0,0,0,0,0,0,0,0,2,0,0,6,0,0,0,0,0,0,0,42936,Summer
Qab,2017-08-18,2,qab2f3,10,15,0,2,6,0,0,0,0,0,25,0,6,8,0,15,0,10,3,0,0,0,0,42965,Summer
Qab,2017-10-25,2,qab2f3,5,0,0,6,10,14,0,0,0,0,8,0,6,5,0,13,0,0,27,0,0,6,0,43033,Autumn
Qab,2017-11-29,2,qab2f3,5,5,0,0,18,25,0,0,16,0,1,0,1,15,0,5,0,5,5,0,0,0,0,43068,Autumn
Qab,2018-01-05,2,qab2f3,10,10,0,0,20,30,0,0,18,0,0,0,2,8,0,0,0,0,0,0,0,0,2,43105,Winter
Qab,2018-02-05,2,qab2f3,20,10,0,2,19,33,0,0,8,0,0,0,1,0,0,0,0,0,0,0,0,0,6,43136,Winter
Qab,2018-03-05,2,qab2f3,10,10,0,2,22,34,0,0,8,0,2,0,0,0,0,0,0,0,0,0,0,0,8,43164,Spring
Qab,2018-04-04,2,qab2f3,5,2,0,5,24,36,0,0,9,0,4,0,0,0,0,3,0,0,0,0,0,2,8,43194,Spring
Qab,2018-05-01,2,qab2f3,0,0,0,8,25,37,0,0,9,0,6,0,0,5,0,4,0,0,0,0,0,4,8,43221,Spring
Qab,2018-06-01,2,qab2f3,0,0,0,8,26,38,0,0,9,0,6,0,0,0,0,8,0,0,0,0,0,2,9,43252,Summer
Qab,2018-07-05,2,qab2f3,0,0,0,0,26,40,0,0,9,0,6,0,0,0,0,12,0,0,0,0,0,0,10,43286,Summer
Qab,2018-08-08,2,qab2f3,0,0,0,0,30,42,0,0,9,0,4,0,0,0,2,16,0,0,0,0,0,0,0,43320,Summer
Qab,2018-10-02,2,qab2f3,25,0,0,2,12,22,0,0,9,0,0,0,2,5,5,10,0,5,0,2,0,1,1,43375,Autumn
Qab,2018-11-07,2,qab2f3,27,0,0,2,7,17,0,0,9,0,1,0,2,8,5,7,0,5,0,2,0,8,3,43411,Autumn
Qab,2018-12-06,2,qab2f3,40,2,0,0,3,10,0,0,9,0,0,0,7,4,0,3,0,0,4,0,0,16,3,43440,Winter
Qab,2019-01-04,2,qab2f3,45,10,0,0,0,0,0,0,9,0,0,0,7,3,0,0,0,5,4,0,0,20,0,43469,Winter
Qab,2019-04-25,2,qab2f3,0,0,0,3,0,0,0,0,9,0,8,0,2,5,0,20,0,5,0,6,0,35,10,43580,Spring
Qab,2017-06-11,3,qab3b2,70,15,0,14,0,0,0,0,0,0,0,0,1,0,0,0,0,0,0,0,0,0,0,42897,Spring
Qab,2017-06-25,3,qab3b2,50,20,0,20,0,0,0,0,0,0,0,0,2,0,0,8,0,0,0,0,0,0,0,42911,Summer
Qab,2017-07-20,3,qab3b2,50,15,0,10,0,6,0,0,0,0,0,0,4,0,0,10,0,3,2,0,0,0,0,42936,Summer
Qab,2017-08-18,3,qab3b2,10,15,0,0,0,2,0,0,0,0,0,3,6,5,0,36,0,5,18,0,0,0,0,42965,Summer
Qab,2017-10-25,3,qab3b2,5,0,0,2,20,40,0,0,0,0,2,0,0,8,5,10,0,5,4,0,0,0,0,43033,Autumn
Qab,2017-11-29,3,qab3b2,5,2,0,5,15,50,0,0,0,0,0,0,0,5,5,15,0,0,0,0,0,0,0,43068,Autumn
Qab,2018-01-05,3,qab3b2,5,2,0,5,18,51,0,0,0,0,0,0,0,5,0,10,0,0,4,0,0,0,0,43105,Winter
Qab,2018-02-05,3,qab3b2,5,5,0,0,20,52,0,0,0,0,2,0,0,6,0,6,0,0,5,0,0,0,0,43136,Winter
Qab,2018-03-05,3,qab3b2,20,5,0,6,18,45,0,0,0,0,0,0,0,4,0,0,0,0,0,0,0,0,3,43164,Spring
Qab,2018-04-04,3,qab3b2,40,7,0,6,12,25,0,0,0,0,0,0,1,0,0,0,0,3,0,0,0,0,6,43194,Spring
Qab,2018-05-01,3,qab3b2,0,0,0,10,14,50,0,0,0,0,0,16,0,5,0,10,0,0,0,0,0,2,10,43221,Spring
Qab,2018-06-01,3,qab3b2,0,0,0,8,15,52,0,0,0,0,2,10,0,4,0,10,0,0,0,0,0,3,12,43252,Summer
Qab,2018-07-05,3,qab3b2,10,5,0,4,16,28,0,0,0,0,10,0,0,4,3,8,0,5,0,0,0,2,14,43286,Summer
Qab,2018-08-08,3,qab3b2,0,10,0,0,25,29,0,0,0,0,6,0,2,3,10,10,0,4,0,0,0,3,4,43320,Summer
Qab,2018-10-02,3,qab3b2,30,2,0,0,14,8,0,0,0,0,0,0,2,2,8,9,0,3,0,14,0,6,2,43375,Autumn
Qab,2018-11-07,3,qab3b2,10,0,0,0,16,20,0,0,0,0,1,0,0,5,7,8,0,0,0,14,0,10,10,43411,Autumn
Qab,2018-12-06,3,qab3b2,8,10,0,0,11,12,0,0,0,0,2,5,1,5,2,5,0,0,0,14,0,15,10,43440,Winter
Qab,2019-01-04,3,qab3b2,25,8,0,0,2,0,0,0,0,0,1,5,3,2,0,5,0,0,0,14,0,25,10,43469,Winter
Qab,2019-04-25,3,qab3b2,0,0,0,5,4,0,0,0,0,0,25,0,1,17,0,10,0,0,0,0,0,30,8,43580,Spring
Qab,2017-06-11,3,qab3b3,70,20,0,10,0,0,0,0,0,0,0,0,0,0,0,0,0,0,0,0,0,0,0,42897,Spring
Qab,2017-06-25,3,qab3b3,55,25,0,15,0,2,0,0,0,0,0,0,0,0,0,0,0,0,2,0,1,0,0,42911,Summer
Qab,2017-07-20,3,qab3b3,10,15,0,8,6,4,0,0,0,0,0,0,4,18,0,10,0,10,15,0,0,0,0,42936,Summer
Qab,2017-08-18,3,qab3b3,20,8,0,4,4,4,0,0,0,0,0,3,2,15,0,15,0,5,18,0,2,0,0,42965,Summer
Qab,2017-10-25,3,qab3b3,0,0,0,0,35,48,0,0,0,0,0,0,0,2,5,10,0,0,0,0,0,0,0,43033,Autumn
Qab,2017-11-29,3,qab3b3,5,5,0,0,30,40,0,0,0,0,0,0,1,5,6,5,0,1,0,0,0,0,3,43068,Autumn
Qab,2018-01-05,3,qab3b3,10,5,0,5,28,38,0,0,0,0,0,0,0,4,2,6,0,3,0,0,0,0,0,43105,Winter
Qab,2018-02-05,3,qab3b3,10,5,0,5,26,35,0,0,0,0,2,4,0,4,2,6,0,3,0,0,0,0,0,43136,Winter
Qab,2018-03-05,3,qab3b3,40,40,0,0,8,12,0,0,0,0,0,0,0,0,0,0,0,0,0,0,0,0,0,43164,Spring
Qab,2018-04-04,3,qab3b3,20,40,0,0,10,16,0,0,0,0,4,10,0,0,0,0,0,0,0,0,0,0,0,43194,Spring
Qab,2018-05-01,3,qab3b3,0,0,0,6,20,40,0,0,0,0,6,20,0,0,0,6,0,0,0,0,0,2,8,43221,Spring
Qab,2018-06-01,3,qab3b3,0,0,0,7,15,35,0,0,0,0,7,18,0,0,0,10,0,0,0,0,0,2,10,43252,Summer
Qab,2018-07-05,3,qab3b3,8,10,1,0,13,20,0,0,6,4,0,0,0,8,0,15,0,5,4,0,0,6,0,43286,Summer
Qab,2018-08-08,3,qab3b3,0,0,0,0,45,30,0,0,0,2,0,0,0,8,5,12,0,0,0,0,0,0,0,43320,Summer
Qab,2018-10-02,3,qab3b3,30,14,0,3,0,4,0,0,0,0,0,0,6,8,15,0,0,10,0,0,0,8,2,43375,Autumn
Qab,2018-11-07,3,qab3b3,20,30,0,0,12,0,0,0,0,0,1,0,4,10,6,0,0,6,0,0,0,11,0,43411,Autumn
Qab,2018-12-06,3,qab3b3,15,30,0,0,12,0,0,0,0,0,4,0,6,8,5,0,0,8,0,0,0,12,0,43440,Winter
Qab,2019-01-04,3,qab3b3,5,20,0,0,16,4,0,0,0,0,12,0,7,4,2,4,0,5,5,0,0,14,2,43469,Winter
Qab,2019-04-25,3,qab3b3,0,5,3,0,12,8,0,0,0,3,20,8,4,2,4,6,0,4,2,0,0,15,4,43580,Spring
Qab,2017-06-11,3,qab3f2,70,20,0,10,0,0,0,0,0,0,0,0,0,0,0,0,0,0,0,0,0,0,0,42897,Spring
Qab,2017-06-25,3,qab3f2,59,30,1,10,0,0,0,0,0,0,0,0,0,0,0,0,0,0,0,0,0,0,0,42911,Summer
Qab,2017-07-20,3,qab3f2,38,40,2,4,0,0,0,0,0,0,0,0,3,0,0,10,0,0,3,0,0,0,0,42936,Summer
Qab,2017-08-18,3,qab3f2,5,25,0,0,0,0,0,0,0,0,0,4,6,10,0,30,0,5,15,0,0,0,0,42965,Summer
Qab,2017-10-25,3,qab3f2,10,3,0,0,15,44,0,0,0,0,0,0,0,5,6,15,0,0,2,0,0,0,0,43033,Autumn
Qab,2017-11-29,3,qab3f2,25,0,0,4,20,30,0,0,0,0,0,0,2,10,0,5,0,0,0,0,0,0,4,43068,Autumn
Qab,2018-01-05,3,qab3f2,30,10,0,5,13,25,0,0,0,0,0,0,2,15,0,0,0,0,0,0,0,0,0,43105,Winter
Qab,2018-02-05,3,qab3f2,30,10,0,5,13,25,0,0,0,0,0,0,2,15,0,0,0,0,0,0,0,0,0,43136,Winter
Qab,2018-03-05,3,qab3f2,30,15,0,5,15,22,0,0,0,0,0,0,3,10,0,0,0,0,0,0,0,0,0,43164,Spring
Qab,2018-04-04,3,qab3f2,10,14,0,5,20,40,0,0,0,0,3,0,0,8,0,0,0,0,0,0,0,0,0,43194,Spring
Qab,2018-05-01,3,qab3f2,4,3,0,8,22,42,0,0,0,0,5,2,0,10,0,0,0,0,0,0,0,0,4,43221,Spring
Qab,2018-06-01,3,qab3f2,0,0,0,8,6,56,0,0,6,0,8,6,0,0,0,8,0,0,0,0,0,5,3,43252,Summer
Qab,2018-07-05,3,qab3f2,0,0,1,5,25,57,0,0,10,0,3,4,0,2,0,6,0,0,0,0,0,3,4,43286,Summer
Qab,2018-08-08,3,qab3f2,12,0,0,1,24,20,0,0,0,0,10,0,1,5,2,12,0,8,0,6,0,2,0,43320,Summer
Qab,2018-10-02,3,qab3f2,40,5,0,0,8,15,0,0,0,0,0,0,3,8,5,8,0,5,3,0,0,6,6,43375,Autumn
Qab,2018-11-07,3,qab3f2,16,2,0,0,12,20,0,0,0,0,0,0,2,5,6,10,0,2,5,0,0,12,10,43411,Autumn
Qab,2018-12-06,3,qab3f2,18,10,0,0,6,8,0,0,0,0,0,0,2,6,2,0,0,15,6,0,0,22,5,43440,Winter
Qab,2019-01-04,3,qab3f2,10,15,0,0,2,0,0,0,0,0,0,0,7,3,0,0,0,8,7,0,0,40,8,43469,Winter
Qab,2019-04-25,3,qab3f2,0,0,0,0,0,4,0,0,0,0,12,0,0,10,0,15,0,0,4,0,0,43,20,43580,Spring
Qab,2017-06-11,3,qab3f3,70,20,0,10,0,0,0,0,0,0,0,0,0,0,0,0,0,0,0,0,0,0,0,42897,Spring
Qab,2017-06-25,3,qab3f3,60,30,4,0,0,0,0,0,0,0,0,0,1,5,0,0,0,0,0,0,0,0,0,42911,Summer
Qab,2017-07-20,3,qab3f3,56,15,1,2,0,0,0,0,0,0,1,0,3,2,0,10,0,3,7,0,0,0,0,42936,Summer
Qab,2017-08-18,3,qab3f3,15,10,0,4,2,4,0,0,0,0,15,0,6,5,0,25,0,0,15,0,0,0,0,42965,Summer
Qab,2017-10-25,3,qab3f3,8,2,0,3,30,40,0,0,0,0,2,0,2,3,4,8,0,0,0,0,0,0,0,43033,Autumn
Qab,2017-11-29,3,qab3f3,15,6,0,0,26,46,0,0,0,0,0,0,0,7,0,0,0,0,0,0,0,0,0,43068,Autumn
Qab,2018-01-05,3,qab3f3,56,2,0,0,8,25,0,0,0,0,1,2,2,4,0,0,0,0,0,0,0,0,0,43105,Winter
Qab,2018-02-05,3,qab3f3,63,2,0,0,4,20,0,0,0,0,2,3,2,2,0,0,0,0,0,0,0,0,2,43136,Winter
Qab,2018-03-05,3,qab3f3,60,2,0,0,4,20,0,0,0,0,3,6,2,1,0,0,0,0,0,0,0,0,2,43164,Spring
Qab,2018-04-04,3,qab3f3,5,0,0,0,12,62,0,0,0,0,4,8,0,3,0,0,0,0,0,0,0,0,6,43194,Spring
Qab,2018-05-01,3,qab3f3,39,0,0,1,2,40,0,0,0,0,0,15,0,0,0,0,0,0,0,0,0,0,3,43221,Spring
Qab,2018-06-01,3,qab3f3,35,10,0,2,6,25,0,2,0,4,0,0,2,2,0,5,0,0,3,0,0,0,4,43252,Summer
Qab,2018-07-05,3,qab3f3,0,0,0,6,18,60,0,0,0,0,0,16,0,5,0,8,0,0,0,0,0,0,0,43286,Summer
Qab,2018-08-08,3,qab3f3,2,0,1,0,30,50,0,0,0,0,0,4,0,0,3,10,0,0,0,0,0,0,0,43320,Summer
Qab,2018-10-02,3,qab3f3,16,2,0,0,18,25,0,0,0,0,0,0,0,4,16,12,0,4,0,0,0,0,3,43375,Autumn
Qab,2018-11-07,3,qab3f3,15,10,0,0,25,24,0,0,0,0,0,0,0,4,11,10,0,0,0,0,0,0,1,43411,Autumn
Qab,2018-12-06,3,qab3f3,20,10,0,0,35,12,0,0,0,0,4,0,1,5,2,2,0,2,2,0,0,6,0,43440,Winter
Qab,2019-01-04,3,qab3f3,25,5,0,0,13,12,0,0,0,0,10,0,4,2,0,4,0,6,0,8,0,8,4,43469,Winter
Qab,2019-04-25,3,qab3f3,5,5,0,0,6,8,0,0,0,0,25,0,6,8,2,20,0,0,0,0,0,15,2,43580,Spring
Qab,2017-06-11,4,qab4b2,60,26,0,10,4,0,0,0,0,0,0,0,0,0,0,0,0,0,0,0,0,0,0,42897,Spring
Qab,2017-06-25,4,qab4b2,50,30,0,7,6,0,0,0,0,0,0,0,0,2,0,5,0,0,0,0,0,0,0,42911,Summer
Qab,2017-07-20,4,qab4b2,40,15,0,5,8,5,0,0,0,0,0,5,4,2,0,10,0,6,0,0,0,0,0,42936,Summer
Qab,2017-08-18,4,qab4b2,8,25,0,8,0,2,0,0,0,0,5,8,4,5,0,25,0,10,0,0,0,0,0,42965,Summer
Qab,2017-10-25,4,qab4b2,8,0,0,0,12,28,0,0,0,0,8,0,3,5,6,26,0,0,6,0,0,0,0,43033,Autumn
Qab,2017-11-29,4,qab4b2,5,5,0,0,22,32,0,0,4,0,4,2,2,2,8,8,0,0,8,0,0,0,0,43068,Autumn
Qab,2018-01-05,4,qab4b2,5,6,0,0,24,34,0,0,6,0,2,0,2,5,0,5,0,5,4,0,0,0,2,43105,Winter
Qab,2018-02-05,4,qab4b2,2,8,0,0,25,35,0,0,10,0,2,0,2,3,0,2,0,4,3,0,0,4,0,43136,Winter
Qab,2018-03-05,4,qab4b2,5,3,0,2,26,36,0,1,14,0,2,1,0,0,0,0,0,4,2,0,0,4,0,43164,Spring
Qab,2018-04-04,4,qab4b2,5,1,0,3,27,36,0,0,16,0,1,3,0,0,0,0,0,0,3,0,0,6,0,43194,Spring
Qab,2018-05-01,4,qab4b2,2,7,0,5,27,36,0,0,18,0,3,0,0,0,0,0,0,0,0,0,0,2,0,43221,Spring
Qab,2018-06-01,4,qab4b2,0,1,2,8,20,40,0,0,20,0,0,4,0,0,0,0,0,0,0,0,0,2,4,43252,Summer
Qab,2018-07-05,4,qab4b2,0,0,1,4,22,41,0,0,22,0,3,6,0,0,0,4,0,2,0,0,0,2,2,43286,Summer
Qab,2018-08-08,4,qab4b2,0,0,2,3,16,25,0,0,16,0,5,2,1,0,2,10,0,0,0,25,0,0,1,43320,Summer
Qab,2018-10-02,4,qab4b2,25,6,0,0,10,8,0,0,0,0,4,0,7,0,12,4,0,0,2,22,0,0,0,43375,Autumn
Qab,2018-11-07,4,qab4b2,10,2,0,5,15,18,0,0,0,0,1,0,4,2,8,6,0,0,4,24,0,4,0,43411,Autumn
Qab,2018-12-06,4,qab4b2,15,5,0,2,8,15,0,0,0,0,2,0,4,0,4,3,0,2,4,24,0,10,6,43440,Winter
Qab,2019-01-04,4,qab4b2,26,10,0,0,0,0,0,0,0,0,0,0,8,0,0,2,0,12,3,25,0,12,2,43469,Winter
Qab,2019-04-25,4,qab4b2,0,0,0,5,2,4,0,0,0,0,20,0,3,5,0,20,0,5,6,25,0,10,0,43580,Spring
Qab,2017-06-11,4,qab4b3,68,20,0,5,2,3,0,0,0,0,0,0,2,0,0,0,0,0,0,0,0,0,0,42897,Spring
Qab,2017-06-25,4,qab4b3,50,26,0,5,3,7,0,0,0,0,0,0,3,0,0,5,0,0,1,0,0,0,0,42911,Summer
Qab,2017-07-20,4,qab4b3,45,15,0,2,5,12,0,0,0,0,0,5,4,2,0,8,0,2,3,0,0,0,0,42936,Summer
Qab,2017-08-18,4,qab4b3,10,20,0,0,4,12,0,0,0,0,0,5,4,4,3,30,0,1,7,0,0,0,0,42965,Summer
Qab,2017-10-25,4,qab4b3,10,5,0,0,12,25,0,0,0,0,4,0,5,2,6,20,0,3,8,0,0,0,0,43033,Autumn
Qab,2017-11-29,4,qab4b3,6,0,0,0,22,38,0,0,0,0,1,0,2,5,0,15,0,5,6,0,0,0,0,43068,Autumn
Qab,2018-01-05,4,qab4b3,4,2,0,0,24,40,0,0,0,0,0,0,2,4,0,10,0,7,7,0,0,0,0,43105,Winter
Qab,2018-02-05,4,qab4b3,10,13,0,0,28,37,0,0,0,0,1,0,2,4,0,5,0,0,0,0,0,0,0,43136,Winter
Qab,2018-03-05,4,qab4b3,10,8,0,0,35,44,0,0,0,0,1,0,0,2,0,0,0,0,0,0,0,0,0,43164,Spring
Qab,2018-04-04,4,qab4b3,6,7,0,2,33,41,0,0,0,0,3,0,1,4,0,0,0,0,0,0,0,0,3,43194,Spring
Qab,2018-05-01,4,qab4b3,5,0,0,0,35,43,0,0,0,0,2,3,0,5,0,0,0,0,0,0,0,0,7,43221,Spring
Qab,2018-06-01,4,qab4b3,0,0,0,5,30,50,0,0,0,0,0,0,0,5,0,0,0,0,0,0,0,0,10,43252,Summer
Qab,2018-07-05,4,qab4b3,0,0,2,0,32,52,0,0,0,0,1,0,0,5,0,8,0,0,0,0,0,0,5,43286,Summer
Qab,2018-08-08,4,qab4b3,2,0,0,1,36,50,0,0,0,0,3,3,1,2,0,9,0,0,0,0,0,0,2,43320,Summer
Qab,2018-10-02,4,qab4b3,45,7,0,0,6,15,0,0,0,0,0,0,6,4,2,3,0,6,6,0,0,0,0,43375,Autumn
Qab,2018-11-07,4,qab4b3,30,15,0,0,10,12,0,0,4,0,0,0,7,2,0,4,0,8,8,0,0,0,0,43411,Autumn
Qab,2018-12-06,4,qab4b3,30,25,0,0,4,0,0,0,4,0,0,0,10,2,0,2,0,8,7,0,0,6,2,43440,Winter
Qab,2019-01-04,4,qab4b3,30,25,0,0,0,0,0,0,4,0,0,0,10,2,0,2,0,5,10,0,0,10,2,43469,Winter
Qab,2019-04-25,4,qab4b3,0,0,0,5,5,0,0,0,6,0,16,12,4,5,0,28,0,0,2,0,0,13,4,43580,Spring
Qab,2017-06-11,4,qab4f2,78,15,0,5,0,0,0,0,0,0,0,0,0,2,0,0,0,0,0,0,0,0,0,42897,Spring
Qab,2017-06-25,4,qab4f2,60,23,0,10,0,0,0,0,0,0,0,0,1,2,0,4,0,0,0,0,0,0,0,42911,Summer
Qab,2017-07-20,4,qab4f2,35,25,0,10,0,0,0,0,0,0,0,0,4,4,0,10,0,6,6,0,0,0,0,42936,Summer
Qab,2017-08-18,4,qab4f2,15,5,0,12,0,5,0,0,0,0,12,0,6,5,0,25,0,0,15,0,0,0,0,42965,Summer
Qab,2017-10-25,4,qab4f2,5,5,0,5,12,18,0,0,0,0,6,0,4,5,10,18,0,0,18,0,0,0,0,43033,Autumn
Qab,2017-11-29,4,qab4f2,5,0,0,0,18,22,0,0,0,0,9,0,3,5,7,8,0,6,14,0,0,3,0,43068,Autumn
Qab,2018-01-05,4,qab4f2,5,2,0,0,24,26,0,0,4,0,0,0,3,0,2,4,0,10,15,0,0,5,0,43105,Winter
Qab,2018-02-05,4,qab4f2,5,5,0,0,26,27,0,0,12,0,0,0,3,0,0,0,0,2,15,0,0,5,0,43136,Winter
Qab,2018-03-05,4,qab4f2,5,5,0,0,28,28,0,0,14,0,0,0,4,0,0,0,0,0,10,0,0,6,0,43164,Spring
Qab,2018-04-04,4,qab4f2,2,5,0,4,30,29,0,0,16,0,0,0,4,0,0,0,0,0,5,0,0,6,0,43194,Spring
Qab,2018-05-01,4,qab4f2,0,5,0,7,33,31,0,0,17,0,0,0,3,0,0,0,0,0,2,0,0,4,0,43221,Spring
Qab,2018-06-01,4,qab4f2,5,1,0,10,34,33,0,0,18,0,0,0,1,0,0,0,0,0,1,0,0,2,0,43252,Summer
Qab,2018-07-05,4,qab4f2,25,5,0,2,8,20,0,0,18,0,0,0,4,3,7,3,0,2,4,0,0,0,0,43286,Summer
Qab,2018-08-08,4,qab4f2,4,3,0,5,25,15,0,0,12,0,0,0,1,2,8,7,0,0,3,14,0,8,0,43320,Summer
Qab,2018-10-02,4,qab4f2,12,2,0,0,12,13,0,0,10,0,0,0,3,5,9,6,0,5,8,10,0,8,0,43375,Autumn
Qab,2018-11-07,4,qab4f2,10,5,0,0,15,14,0,0,10,0,0,0,4,5,5,7,0,0,10,10,0,8,2,43411,Autumn
Qab,2018-12-06,4,qab4f2,15,5,0,0,8,10,0,0,10,0,4,0,6,4,2,3,0,8,11,10,0,10,4,43440,Winter
Qab,2019-01-04,4,qab4f2,20,11,0,0,0,0,0,0,10,0,0,0,6,2,0,2,0,5,15,10,0,15,4,43469,Winter
Qab,2019-04-25,4,qab4f2,0,0,0,5,0,0,0,0,10,3,12,0,3,5,0,20,0,0,8,10,0,25,4,43580,Spring
Qab,2017-06-11,4,qab4f3,75,15,0,10,0,0,0,0,0,0,0,0,0,0,0,0,0,0,0,0,0,0,0,42897,Spring
Qab,2017-06-25,4,qab4f3,60,25,0,10,0,0,0,0,0,0,0,0,1,4,0,0,0,0,0,0,0,0,0,42911,Summer
Qab,2017-07-20,4,qab4f3,40,30,0,5,2,0,0,0,0,0,0,7,3,3,5,0,0,0,5,0,0,0,0,42936,Summer
Qab,2017-08-18,4,qab4f3,30,20,0,3,0,7,0,0,0,0,3,0,4,5,0,15,0,3,10,0,0,0,0,42965,Summer
Qab,2017-10-25,4,qab4f3,15,2,0,5,16,28,0,0,0,0,6,2,3,2,5,12,0,0,8,0,0,0,0,43033,Autumn
Qab,2017-11-29,4,qab4f3,10,5,0,1,25,34,0,0,0,0,3,0,2,6,2,6,0,2,4,0,0,0,0,43068,Autumn
Qab,2018-01-05,4,qab4f3,10,5,0,0,26,36,0,0,0,0,0,0,2,10,0,4,0,5,2,0,0,0,0,43105,Winter
Qab,2018-02-05,4,qab4f3,5,10,0,2,28,37,0,0,0,0,0,0,0,8,0,3,0,5,2,0,0,0,0,43136,Winter
Qab,2018-03-05,4,qab4f3,5,10,0,0,32,40,0,0,0,0,0,0,0,4,0,0,0,5,4,0,0,0,0,43164,Spring
Qab,2018-04-04,4,qab4f3,5,5,0,0,33,41,0,0,0,0,0,3,0,2,0,0,0,5,4,0,0,0,2,43194,Spring
Qab,2018-05-01,4,qab4f3,0,0,0,6,34,42,0,0,0,0,0,6,0,0,0,0,0,3,4,0,0,0,5,43221,Spring
Qab,2018-06-01,4,qab4f3,0,0,0,7,35,43,0,0,0,0,0,6,0,0,0,4,0,0,0,0,0,0,10,43252,Summer
Qab,2018-07-05,4,qab4f3,5,0,0,2,26,35,0,0,10,0,4,4,1,2,3,6,0,0,0,0,0,0,2,43286,Summer
Qab,2018-08-08,4,qab4f3,0,0,1,0,28,40,0,0,11,0,4,3,1,2,5,8,0,0,0,1,0,0,2,43320,Summer
Qab,2018-10-02,4,qab4f3,25,20,0,8,5,8,0,0,8,0,0,0,7,0,2,0,0,5,4,0,0,8,0,43375,Autumn
Qab,2018-11-07,4,qab4f3,18,25,0,2,6,9,0,0,8,0,0,0,7,0,2,4,0,5,4,0,0,10,0,43411,Autumn
Qab,2018-12-06,4,qab4f3,15,28,0,0,4,6,0,0,9,0,0,0,8,0,2,4,0,7,5,0,0,12,0,43440,Winter
Qab,2019-01-04,4,qab4f3,5,31,0,0,0,6,0,0,9,0,0,0,9,2,0,0,0,7,5,4,0,22,0,43469,Winter
Qab,2019-04-25,4,qab4f3,0,5,0,0,0,0,0,0,10,2,18,0,4,10,0,15,0,0,2,4,0,30,0,43580,Spring
Qab,2017-06-11,5,qab5b2,85,10,0,5,0,0,0,0,0,0,0,0,0,0,0,0,0,0,0,0,0,0,0,42897,Spring
Qab,2017-06-25,5,qab5b2,65,20,0,10,0,0,0,0,0,0,0,0,0,5,0,0,0,0,0,0,0,0,0,42911,Summer
Qab,2017-07-20,5,qab5b2,40,25,0,4,0,0,0,0,0,0,8,0,5,3,0,8,0,0,3,0,4,0,0,42936,Summer
Qab,2017-08-18,5,qab5b2,5,30,1,5,0,0,0,0,0,0,12,6,7,5,0,15,0,0,10,0,4,0,0,42965,Summer
Qab,2017-10-25,5,qab5b2,5,5,0,5,30,30,0,0,0,0,5,0,3,3,4,8,0,0,2,0,0,0,0,43033,Autumn
Qab,2017-11-29,5,qab5b2,2,0,0,3,35,34,0,0,0,0,3,0,4,5,3,8,0,0,3,0,0,0,0,43068,Autumn
Qab,2018-01-05,5,qab5b2,4,5,0,5,37,36,0,0,0,0,0,0,3,7,0,0,0,0,3,0,0,0,0,43105,Winter
Qab,2018-02-05,5,qab5b2,5,5,0,2,42,40,0,0,0,0,0,0,2,4,0,0,0,0,0,0,0,0,0,43136,Winter
Qab,2018-03-05,5,qab5b2,0,5,0,5,43,41,0,0,0,0,0,0,2,2,0,0,0,0,0,0,0,3,0,43164,Spring
Qab,2018-04-04,5,qab5b2,0,3,0,6,44,42,0,0,0,0,0,0,2,2,0,0,0,0,0,0,0,1,0,43194,Spring
Qab,2018-05-01,5,qab5b2,0,0,0,8,45,43,0,0,0,0,0,0,2,2,0,0,0,0,0,0,0,3,0,43221,Spring
Qab,2018-06-01,5,qab5b2,0,0,0,15,42,40,0,0,0,0,0,0,0,2,0,0,0,0,0,0,0,3,0,43252,Summer
Qab,2018-07-05,5,qab5b2,30,5,0,6,10,35,0,0,0,0,0,0,3,4,2,0,0,0,0,0,0,0,5,43286,Summer
Qab,2018-08-08,5,qab5b2,0,0,0,0,45,40,0,0,6,0,3,0,1,0,0,10,0,0,0,0,0,0,0,43320,Summer
Qab,2018-10-02,5,qab5b2,25,5,0,5,25,8,0,0,0,0,0,0,4,2,2,2,0,15,3,0,0,4,0,43375,Autumn
Qab,2018-11-07,5,qab5b2,20,10,1,3,20,15,0,0,0,0,0,0,5,5,4,5,0,0,5,0,0,0,8,43411,Autumn
Qab,2018-12-06,5,qab5b2,30,10,1,0,14,10,0,0,0,0,0,0,6,5,0,5,0,0,6,0,0,5,8,43440,Winter
Qab,2019-01-04,5,qab5b2,20,30,1,0,0,4,0,0,0,0,0,0,7,5,0,2,0,5,8,4,0,14,0,43469,Winter
Qab,2019-04-25,5,qab5b2,0,5,0,0,6,0,0,0,0,1,25,5,5,4,0,13,0,8,8,8,0,10,4,43580,Spring
Qab,2017-06-11,5,qab5b3,85,10,0,5,0,0,0,0,0,0,0,0,0,0,0,0,0,0,0,0,0,0,0,42897,Spring
Qab,2017-06-25,5,qab5b3,75,17,0,8,0,0,0,0,0,0,0,0,0,0,0,0,0,0,0,0,0,0,0,42911,Summer
Qab,2017-07-20,5,qab5b3,70,20,0,2,0,0,0,0,0,0,0,0,2,0,0,5,0,0,1,0,0,0,0,42936,Summer
Qab,2017-08-18,5,qab5b3,35,16,3,6,0,0,0,0,0,0,3,0,6,5,0,12,0,0,14,0,0,0,0,42965,Summer
Qab,2017-10-25,5,qab5b3,15,10,0,4,15,30,0,0,0,0,0,0,0,15,6,0,0,0,5,0,0,0,0,43033,Autumn
Qab,2017-11-29,5,qab5b3,13,8,0,4,22,35,0,0,0,0,1,2,0,4,2,6,0,0,3,0,0,0,0,43068,Autumn
Qab,2018-01-05,5,qab5b3,20,14,0,2,24,37,0,0,0,0,0,0,0,3,0,0,0,0,0,0,0,0,0,43105,Winter
Qab,2018-02-05,5,qab5b3,20,10,0,1,26,40,0,0,0,0,0,0,0,3,0,0,0,0,0,0,0,0,0,43136,Winter
Qab,2018-03-05,5,qab5b3,15,5,0,5,28,41,0,0,0,0,0,0,0,3,0,0,0,0,0,0,0,3,0,43164,Spring
Qab,2018-04-04,5,qab5b3,5,5,0,5,32,43,0,0,0,0,0,2,0,3,0,0,0,0,0,0,0,5,0,43194,Spring
Qab,2018-05-01,5,qab5b3,0,0,0,7,34,45,0,0,0,0,3,4,0,3,0,0,0,0,0,0,0,10,0,43221,Spring
Qab,2018-06-01,5,qab5b3,0,0,0,12,33,44,0,0,0,0,5,3,0,3,0,0,0,0,0,0,0,8,8,43252,Summer
Qab,2018-07-05,5,qab5b3,25,6,0,0,20,40,0,0,0,0,3,0,1,3,0,0,0,0,2,0,0,0,0,43286,Summer
Qab,2018-08-08,5,qab5b3,0,0,0,0,40,42,0,0,0,0,2,6,0,2,5,10,0,0,0,0,0,0,0,43320,Summer
Qab,2018-10-02,5,qab5b3,15,15,0,8,12,18,0,0,0,0,4,0,6,6,4,6,0,4,3,0,0,0,0,43375,Autumn
Qab,2018-11-07,5,qab5b3,10,24,0,0,4,12,0,0,0,0,9,0,8,5,6,8,0,10,2,0,0,2,0,43411,Autumn
Qab,2018-12-06,5,qab5b3,20,40,0,0,3,8,0,0,0,0,3,0,9,7,0,0,0,0,6,0,0,4,0,43440,Winter
Qab,2019-01-04,5,qab5b3,10,38,0,0,0,0,0,0,0,0,8,0,9,10,0,5,0,0,8,0,0,12,0,43469,Winter
Qab,2019-04-25,5,qab5b3,4,16,0,0,5,0,0,0,0,0,35,0,4,5,0,5,0,5,0,0,0,16,5,43580,Spring
Qab,2017-06-11,5,qab5f2,75,15,0,5,5,0,0,0,0,0,0,0,0,0,0,0,0,0,0,0,0,0,0,42897,Spring
Qab,2017-06-25,5,qab5f2,60,22,0,8,3,0,0,0,0,0,0,0,2,2,0,3,0,0,0,0,0,0,0,42911,Summer
Qab,2017-07-20,5,qab5f2,40,30,0,8,0,0,0,0,0,0,0,0,4,4,0,10,0,0,4,0,0,0,0,42936,Summer
Qab,2017-08-18,5,qab5f2,10,13,0,4,0,0,0,0,0,0,12,0,11,10,0,20,0,0,20,0,0,0,0,42965,Summer
Qab,2017-10-25,5,qab5f2,5,4,0,6,25,30,0,0,0,0,2,0,2,6,5,12,0,0,8,0,0,0,0,43033,Autumn
Qab,2017-11-29,5,qab5f2,2,4,0,2,30,35,0,0,0,0,1,0,1,3,5,8,0,5,4,0,0,0,0,43068,Autumn
Qab,2018-01-05,5,qab5f2,0,6,0,0,33,38,0,0,0,0,0,0,0,3,0,8,0,8,4,0,0,0,0,43105,Winter
Qab,2018-02-05,5,qab5f2,0,4,0,0,34,40,0,0,0,0,0,0,0,2,0,6,0,8,4,0,0,0,2,43136,Winter
Qab,2018-03-05,5,qab5f2,0,2,0,0,35,44,0,0,5,0,0,0,0,0,0,4,0,0,2,0,0,0,8,43164,Spring
Qab,2018-04-04,5,qab5f2,0,4,0,8,36,45,0,0,7,0,0,2,0,0,0,0,0,0,0,0,0,0,5,43194,Spring
Qab,2018-05-01,5,qab5f2,0,0,0,9,37,46,0,0,8,0,0,6,0,0,0,0,0,0,0,0,0,4,6,43221,Spring
Qab,2018-06-01,5,qab5f2,0,0,0,5,38,47,0,0,12,0,0,7,0,0,0,0,0,0,0,0,0,8,6,43252,Summer
Qab,2018-07-05,5,qab5f2,0,0,0,7,38,47,0,0,14,0,0,10,0,0,0,0,0,0,0,0,0,0,6,43286,Summer
Qab,2018-08-08,5,qab5f2,8,3,0,0,25,35,0,0,14,0,1,1,0,4,2,9,0,0,0,0,0,0,0,43320,Summer
Qab,2018-10-02,5,qab5f2,32,0,0,0,8,15,0,0,15,0,2,0,8,8,2,4,0,0,2,0,0,0,4,43375,Autumn
Qab,2018-11-07,5,qab5f2,30,10,0,0,12,14,0,0,0,0,0,0,8,6,3,3,0,0,6,0,0,0,8,43411,Autumn
Qab,2018-12-06,5,qab5f2,25,8,0,0,18,16,0,0,0,0,0,0,8,5,0,0,0,0,6,4,0,5,9,43440,Winter
Qab,2019-01-04,5,qab5f2,15,20,0,0,5,0,0,0,0,0,0,0,10,2,0,0,0,12,8,6,0,12,10,43469,Winter
Qab,2019-04-25,5,qab5f2,0,16,0,0,6,0,0,0,0,5,8,0,4,0,0,10,0,5,6,10,0,23,7,43580,Spring
Qab,2017-06-11,5,qab5f3,77,10,0,10,2,0,0,0,0,0,0,0,1,0,0,0,0,0,0,0,0,0,0,42897,Spring
Qab,2017-06-25,5,qab5f3,70,19,0,5,5,0,0,0,0,0,0,0,1,0,0,0,0,0,0,0,0,0,0,42911,Summer
Qab,2017-07-20,5,qab5f3,50,24,0,6,0,0,0,0,0,0,8,0,4,0,0,8,0,0,0,0,0,0,0,42936,Summer
Qab,2017-08-18,5,qab5f3,10,20,0,8,0,0,0,0,0,0,12,0,8,8,0,15,0,5,14,0,0,0,0,42965,Summer
Qab,2017-10-25,5,qab5f3,5,5,0,5,19,25,0,0,0,0,2,0,3,5,5,16,0,0,10,0,0,0,0,43033,Autumn
Qab,2017-11-29,5,qab5f3,8,10,0,0,22,27,0,0,0,0,4,0,1,12,0,12,0,0,4,0,0,0,0,43068,Autumn
Qab,2018-01-05,5,qab5f3,12,8,0,2,25,29,0,0,0,0,1,0,2,5,0,8,0,0,2,0,0,4,2,43105,Winter
Qab,2018-02-05,5,qab5f3,15,10,0,0,30,31,0,0,2,0,0,0,0,6,0,0,0,4,0,0,0,0,4,43136,Winter
Qab,2018-03-05,5,qab5f3,0,10,0,0,35,33,0,0,5,0,2,0,0,8,0,0,0,4,0,0,0,2,6,43164,Spring
Qab,2018-04-04,5,qab5f3,0,6,0,0,37,34,0,0,8,0,2,0,0,4,0,0,0,0,0,0,0,10,7,43194,Spring
Qab,2018-05-01,5,qab5f3,0,0,0,6,38,35,0,0,14,0,0,0,0,0,0,0,0,0,0,0,0,15,10,43221,Spring
Qab,2018-06-01,5,qab5f3,0,0,0,4,39,36,0,0,16,0,0,0,0,0,0,0,0,0,0,0,0,5,12,43252,Summer
Qab,2018-07-05,5,qab5f3,0,0,0,0,40,37,0,0,17,0,3,0,0,0,0,8,0,0,0,0,0,0,0,43286,Summer
Qab,2018-08-08,5,qab5f3,0,0,0,0,43,38,0,0,18,0,0,0,0,0,0,10,0,0,0,0,0,0,4,43320,Summer
Qab,2018-10-02,5,qab5f3,25,20,0,2,4,25,0,0,10,0,0,0,5,4,3,3,0,0,3,0,0,0,3,43375,Autumn
Qab,2018-11-07,5,qab5f3,17,30,0,0,0,0,0,0,10,0,0,0,10,4,3,5,0,5,10,0,0,4,2,43411,Autumn
Qab,2018-12-06,5,qab5f3,4,33,0,0,0,0,0,0,5,0,3,0,10,10,0,5,0,5,12,0,0,10,3,43440,Winter
Qab,2019-01-04,5,qab5f3,4,35,0,0,0,0,0,0,5,0,5,0,12,5,0,3,0,3,14,0,0,10,3,43469,Winter
Qab,2019-04-25,5,qab5f3,0,10,0,0,6,0,0,0,12,8,16,0,9,6,0,10,0,6,4,0,0,12,2,43580,Spring